// Generated UI Graphics Animation
// Filename: shift
// Frame count: 95
// FPS: 12
// Levels: black=0, gray=128, white=255

#include <stdint.h>

static const uint16_t shift_frame_width = 49;
static const uint16_t shift_frame_height = 26;
static const uint16_t shift_frame_count = 95;

static const uint16_t shift_frame_stride_1bit = 7;
static const uint16_t shift_frame_bytes_1bit = 182;
// 1-bit packed frames (7 bytes per row)
static const uint8_t shift_frames_1bit[95][182] = {
  { // Frame 0
    0x00, 0x1c, 0x00, 0x00, 0x1c, 0x00, 0x00, 0x01, 0xff, 0xc0, 0x01, 0xff, 0xc0, 0x00, 0x07, 0xff,
    0xf0, 0x07, 0x00, 0x70, 0x00, 0x0f, 0xff, 0xf8, 0x0d, 0x55, 0x58, 0x00, 0x1f, 0xff, 0xfc, 0x18,
    0x00, 0x0c, 0x00, 0x3f, 0xff, 0xfe, 0x35, 0x55, 0x56, 0x00, 0x3f, 0xff, 0xfe, 0x20, 0x00, 0x02,
    0x00, 0x7f, 0xff, 0xff, 0x75, 0x55, 0x57, 0x00, 0x7f, 0xff, 0xff, 0x40, 0x00, 0x01, 0x00, 0xff,
    0xff, 0xff, 0xd5, 0x55, 0x55, 0x80, 0xff, 0xff, 0xff, 0x80, 0x00, 0x00, 0x80, 0xff, 0xff, 0xff,
    0xd5, 0x55, 0x55, 0x80, 0xff, 0xff, 0xff, 0x80, 0x00, 0x00, 0x80, 0xff, 0xff, 0xff, 0xd5, 0x55,
    0x55, 0x80, 0xff, 0xff, 0xff, 0x80, 0x00, 0x00, 0x80, 0xff, 0xff, 0xff, 0xd5, 0x55, 0x55, 0x80,
    0xff, 0xff, 0xff, 0xc0, 0x00, 0x01, 0x80, 0x7f, 0xff, 0xff, 0x55, 0x55, 0x55, 0x00, 0x7f, 0xff,
    0xff, 0x60, 0x00, 0x03, 0x00, 0x3f, 0xff, 0xfe, 0x35, 0x55, 0x56, 0x00, 0x3f, 0xff, 0xfe, 0x30,
    0x00, 0x06, 0x00, 0x1f, 0xff, 0xfc, 0x1d, 0x55, 0x5c, 0x00, 0x0f, 0xff, 0xf8, 0x0c, 0x00, 0x18,
    0x00, 0x07, 0xff, 0xf0, 0x07, 0x55, 0x70, 0x00, 0x01, 0xff, 0xc0, 0x01, 0xff, 0xc0, 0x00, 0x00,
    0x1c, 0x00, 0x00, 0x1c, 0x00, 0x00,
  },
  { // Frame 1
    0x00, 0x1c, 0x00, 0x00, 0x1c, 0x00, 0x00, 0x01, 0xff, 0xc0, 0x01, 0xff, 0xc0, 0x00, 0x03, 0xff,
    0xf0, 0x07, 0x00, 0xe0, 0x00, 0x0f, 0xff, 0xf8, 0x0d, 0x55, 0x78, 0x00, 0x1f, 0xff, 0xfc, 0x18,
    0x00, 0x0c, 0x00, 0x3f, 0xff, 0xfe, 0x35, 0x55, 0x56, 0x00, 0x3f, 0xff, 0xff, 0x60, 0x00, 0x06,
    0x00, 0x7f, 0xff, 0xff, 0x55, 0x55, 0x57, 0x00, 0x7f, 0xff, 0xff, 0xc0, 0x00, 0x01, 0x00, 0x7f,
    0xff, 0xff, 0xd5, 0x55, 0x55, 0x00, 0xff, 0xff, 0xff, 0x80, 0x00, 0x01, 0x80, 0xff, 0xff, 0xff,
    0xd5, 0x55, 0x55, 0x80, 0xff, 0xff, 0xff, 0x80, 0x00, 0x00, 0x80, 0xff, 0xff, 0xff, 0xd5, 0x55,
    0x55, 0x80, 0xff, 0xff, 0xff, 0x80, 0x00, 0x00, 0x80, 0xff, 0xff, 0xff, 0xd5, 0x55, 0x55, 0x80,
    0x7f, 0xff, 0xff, 0x80, 0x00, 0x01, 0x00, 0x7f, 0xff, 0xff, 0xd5, 0x55, 0x55, 0x00, 0x7f, 0xff,
    0xff, 0x40, 0x00, 0x03, 0x00, 0x3f, 0xff, 0xff, 0x75, 0x55, 0x56, 0x00, 0x3f, 0xff, 0xfe, 0x30,
    0x00, 0x06, 0x00, 0x1f, 0xff, 0xfc, 0x1d, 0x55, 0x5c, 0x00, 0x0f, 0xff, 0xf8, 0x0c, 0x00, 0x38,
    0x00, 0x03, 0xff, 0xf0, 0x07, 0x55, 0xe0, 0x00, 0x01, 0xff, 0xc0, 0x01, 0xff, 0xc0, 0x00, 0x00,
    0x1c, 0x00, 0x00, 0x1c, 0x00, 0x00,
  },
  { // Frame 2
    0x00, 0x1e, 0x00, 0x00, 0x3c, 0x00, 0x00, 0x00, 0xff, 0xc0, 0x01, 0xff, 0x80, 0x00, 0x03, 0xff,
    0xf0, 0x07, 0x00, 0xe0, 0x00, 0x07, 0xff, 0xfc, 0x1e, 0xaa, 0xb0, 0x00, 0x0f, 0xff, 0xfe, 0x38,
    0x00, 0x18, 0x00, 0x1f, 0xff, 0xfe, 0x3a, 0xaa, 0xac, 0x00, 0x3f, 0xff, 0xff, 0x60, 0x00, 0x06,
    0x00, 0x3f, 0xff, 0xff, 0x6a, 0xaa, 0xaa, 0x00, 0x7f, 0xff, 0xff, 0xc0, 0x00, 0x03, 0x00, 0x7f,
    0xff, 0xff, 0xaa, 0xaa, 0xab, 0x00, 0x7f, 0xff, 0xff, 0x80, 0x00, 0x01, 0x00, 0x7f, 0xff, 0xfe,
    0xea, 0xaa, 0xab, 0x00, 0xff, 0xff, 0xfe, 0xc0, 0x00, 0x01, 0x80, 0xff, 0xff, 0xfe, 0xea, 0xaa,
    0xab, 0x80, 0x7f, 0xff, 0xfe, 0xc0, 0x00, 0x01, 0x00, 0x7f, 0xff, 0xff, 0xaa, 0xaa, 0xab, 0x00,
    0x7f, 0xff, 0xff, 0x80, 0x00, 0x01, 0x00, 0x7f, 0xff, 0xff, 0xea, 0xaa, 0xab, 0x00, 0x3f, 0xff,
    0xff, 0x40, 0x00, 0x02, 0x00, 0x3f, 0xff, 0xff, 0x6a, 0xaa, 0xae, 0x00, 0x1f, 0xff, 0xfe, 0x30,
    0x00, 0x0c, 0x00, 0x0f, 0xff, 0xfe, 0x3a, 0xaa, 0xb8, 0x00, 0x07, 0xff, 0xfc, 0x1c, 0x00, 0x30,
    0x00, 0x03, 0xff, 0xf0, 0x07, 0xaa, 0xe0, 0x00, 0x00, 0xff, 0xc0, 0x01, 0xff, 0x80, 0x00, 0x00,
    0x1e, 0x00, 0x00, 0x3c, 0x00, 0x00,
  },
  { // Frame 3
    0x00, 0x0e, 0x00, 0x00, 0x38, 0x00, 0x00, 0x00, 0xff, 0xe0, 0x03, 0xff, 0x80, 0x00, 0x03, 0xff,
    0xf0, 0x07, 0x00, 0xe0, 0x00, 0x07, 0xff, 0xfc, 0x1e, 0xaa, 0xb0, 0x00, 0x0f, 0xff, 0xfe, 0x30,
    0x00, 0x18, 0x00, 0x1f, 0xff, 0xff, 0x6a, 0xaa, 0xac, 0x00, 0x3f, 0xff, 0xff, 0x60, 0x00, 0x06,
    0x00, 0x3f, 0xff, 0xff, 0xea, 0xaa, 0xaa, 0x00, 0x7f, 0xff, 0xff, 0x80, 0x00, 0x03, 0x00, 0x7f,
    0xff, 0xff, 0xaa, 0xaa, 0xab, 0x00, 0x7f, 0xff, 0xfe, 0xc0, 0x00, 0x01, 0x00, 0x7f, 0xff, 0xfe,
    0x6a, 0xaa, 0xab, 0x00, 0x7f, 0xff, 0xfe, 0xc0, 0x00, 0x01, 0x00, 0x7f, 0xff, 0xfe, 0x6a, 0xaa,
    0xab, 0x00, 0x7f, 0xff, 0xfe, 0x40, 0x00, 0x01, 0x00, 0x7f, 0xff, 0xfe, 0xea, 0xaa, 0xab, 0x00,
    0x7f, 0xff, 0xff, 0x80, 0x00, 0x03, 0x00, 0x7f, 0xff, 0xff, 0xaa, 0xaa, 0xab, 0x00, 0x3f, 0xff,
    0xff, 0xc0, 0x00, 0x02, 0x00, 0x3f, 0xff, 0xff, 0x6a, 0xaa, 0xae, 0x00, 0x1f, 0xff, 0xff, 0x60,
    0x00, 0x0c, 0x00, 0x0f, 0xff, 0xfe, 0x3a, 0xaa, 0xb8, 0x00, 0x07, 0xff, 0xfc, 0x1c, 0x00, 0x30,
    0x00, 0x03, 0xff, 0xf0, 0x07, 0xaa, 0xe0, 0x00, 0x00, 0xff, 0xe0, 0x03, 0xff, 0x80, 0x00, 0x00,
    0x0e, 0x00, 0x00, 0x38, 0x00, 0x00,
  },
  { // Frame 4
    0x00, 0x0e, 0x00, 0x00, 0x38, 0x00, 0x00, 0x00, 0xff, 0xe0, 0x03, 0xff, 0x80, 0x00, 0x03, 0xff,
    0xf8, 0x0e, 0x00, 0xe0, 0x00, 0x07, 0xff, 0xfc, 0x1a, 0xaa, 0xb0, 0x00, 0x0f, 0xff, 0xfe, 0x30,
    0x00, 0x18, 0x00, 0x1f, 0xff, 0xff, 0x6a, 0xaa, 0xac, 0x00, 0x1f, 0xff, 0xff, 0x40, 0x00, 0x04,
    0x00, 0x3f, 0xff, 0xff, 0xea, 0xaa, 0xae, 0x00, 0x3f, 0xff, 0xff, 0x80, 0x00, 0x02, 0x00, 0x7f,
    0xff, 0xfe, 0xea, 0xaa, 0xab, 0x00, 0x7f, 0xff, 0xfe, 0x40, 0x00, 0x01, 0x00, 0x7f, 0xff, 0xfe,
    0x6a, 0xaa, 0xab, 0x00, 0x7f, 0xff, 0xfe, 0xc0, 0x00, 0x01, 0x00, 0x7f, 0xff, 0xfe, 0x6a, 0xaa,
    0xab, 0x00, 0x7f, 0xff, 0xfe, 0x40, 0x00, 0x01, 0x00, 0x7f, 0xff, 0xfe, 0x6a, 0xaa, 0xab, 0x00,
    0x7f, 0xff, 0xfe, 0xc0, 0x00, 0x03, 0x00, 0x3f, 0xff, 0xff, 0xaa, 0xaa, 0xaa, 0x00, 0x3f, 0xff,
    0xff, 0xc0, 0x00, 0x06, 0x00, 0x1f, 0xff, 0xff, 0x6a, 0xaa, 0xac, 0x00, 0x1f, 0xff, 0xff, 0x60,
    0x00, 0x0c, 0x00, 0x0f, 0xff, 0xfe, 0x3a, 0xaa, 0xb8, 0x00, 0x07, 0xff, 0xfc, 0x18, 0x00, 0x30,
    0x00, 0x03, 0xff, 0xf8, 0x0e, 0xaa, 0xe0, 0x00, 0x00, 0xff, 0xe0, 0x03, 0xff, 0x80, 0x00, 0x00,
    0x0e, 0x00, 0x00, 0x38, 0x00, 0x00,
  },
  { // Frame 5
    0x00, 0x0e, 0x00, 0x00, 0x38, 0x00, 0x00, 0x00, 0xff, 0xe0, 0x03, 0xff, 0x80, 0x00, 0x01, 0xff,
    0xf8, 0x0e, 0x01, 0xc0, 0x00, 0x07, 0xff, 0xfc, 0x1a, 0xaa, 0xf0, 0x00, 0x0f, 0xff, 0xfe, 0x30,
    0x00, 0x18, 0x00, 0x1f, 0xff, 0xff, 0x6a, 0xaa, 0xac, 0x00, 0x1f, 0xff, 0xff, 0xc0, 0x00, 0x0c,
    0x00, 0x3f, 0xff, 0xff, 0xaa, 0xaa, 0xae, 0x00, 0x3f, 0xff, 0xfe, 0xc0, 0x00, 0x02, 0x00, 0x3f,
    0xff, 0xfe, 0x6a, 0xaa, 0xaa, 0x00, 0x7f, 0xff, 0xfe, 0x40, 0x00, 0x03, 0x00, 0x7f, 0xff, 0xfe,
    0x6a, 0xaa, 0xab, 0x00, 0x7f, 0xff, 0xfe, 0xc0, 0x00, 0x01, 0x00, 0x7f, 0xff, 0xfe, 0x6a, 0xaa,
    0xab, 0x00, 0x7f, 0xff, 0xfe, 0x40, 0x00, 0x01, 0x00, 0x7f, 0xff, 0xfe, 0x6a, 0xaa, 0xab, 0x00,
    0x3f, 0xff, 0xfe, 0x40, 0x00, 0x02, 0x00, 0x3f, 0xff, 0xfe, 0xea, 0xaa, 0xaa, 0x00, 0x3f, 0xff,
    0xff, 0x80, 0x00, 0x06, 0x00, 0x1f, 0xff, 0xff, 0xea, 0xaa, 0xac, 0x00, 0x1f, 0xff, 0xff, 0x60,
    0x00, 0x0c, 0x00, 0x0f, 0xff, 0xfe, 0x3a, 0xaa, 0xb8, 0x00, 0x07, 0xff, 0xfc, 0x18, 0x00, 0x70,
    0x00, 0x01, 0xff, 0xf8, 0x0e, 0xab, 0xc0, 0x00, 0x00, 0xff, 0xe0, 0x03, 0xff, 0x80, 0x00, 0x00,
    0x0e, 0x00, 0x00, 0x38, 0x00, 0x00,
  },
  { // Frame 6
    0x00, 0x0f, 0x00, 0x00, 0x78, 0x00, 0x00, 0x00, 0x7f, 0xe0, 0x03, 0xff, 0x00, 0x00, 0x01, 0xff,
    0xf8, 0x0e, 0x01, 0xc0, 0x00, 0x03, 0xff, 0xfe, 0x3d, 0x55, 0x60, 0x00, 0x07, 0xff, 0xff, 0x70,
    0x00, 0x30, 0x00, 0x0f, 0xff, 0xff, 0x75, 0x55, 0x58, 0x00, 0x1f, 0xff, 0xff, 0xc0, 0x00, 0x0c,
    0x00, 0x1f, 0xff, 0xff, 0xd5, 0x55, 0x54, 0x00, 0x3f, 0xff, 0xfe, 0xc0, 0x00, 0x06, 0x00, 0x3f,
    0xff, 0xfe, 0x55, 0x55, 0x56, 0x00, 0x3f, 0xff, 0xfe, 0x40, 0x00, 0x02, 0x00, 0x3f, 0xff, 0xfc,
    0x75, 0x55, 0x56, 0x00, 0x7f, 0xff, 0xfc, 0xe0, 0x00, 0x03, 0x00, 0x7f, 0xff, 0xfc, 0x75, 0x55,
    0x57, 0x00, 0x3f, 0xff, 0xfc, 0x60, 0x00, 0x02, 0x00, 0x3f, 0xff, 0xfe, 0x55, 0x55, 0x56, 0x00,
    0x3f, 0xff, 0xfe, 0x40, 0x00, 0x02, 0x00, 0x3f, 0xff, 0xfe, 0xd5, 0x55, 0x56, 0x00, 0x1f, 0xff,
    0xff, 0x80, 0x00, 0x04, 0x00, 0x1f, 0xff, 0xff, 0xd5, 0x55, 0x5c, 0x00, 0x0f, 0xff, 0xff, 0x60,
    0x00, 0x18, 0x00, 0x07, 0xff, 0xff, 0x75, 0x55, 0x70, 0x00, 0x03, 0xff, 0xfe, 0x38, 0x00, 0x60,
    0x00, 0x01, 0xff, 0xf8, 0x0f, 0x55, 0xc0, 0x00, 0x00, 0x7f, 0xe0, 0x03, 0xff, 0x00, 0x00, 0x00,
    0x0f, 0x00, 0x00, 0x78, 0x00, 0x00,
  },
  { // Frame 7
    0x00, 0x07, 0x00, 0x00, 0x70, 0x00, 0x00, 0x00, 0x7f, 0xf0, 0x07, 0xff, 0x00, 0x00, 0x01, 0xff,
    0xfc, 0x1e, 0x01, 0xc0, 0x00, 0x03, 0xff, 0xfe, 0x3d, 0x55, 0x60, 0x00, 0x07, 0xff, 0xff, 0x60,
    0x00, 0x30, 0x00, 0x0f, 0xff, 0xff, 0xd5, 0x55, 0x58, 0x00, 0x1f, 0xff, 0xff, 0xc0, 0x00, 0x0c,
    0x00, 0x1f, 0xff, 0xfe, 0xd5, 0x55, 0x54, 0x00, 0x3f, 0xff, 0xfe, 0xc0, 0x00, 0x06, 0x00, 0x3f,
    0xff, 0xfe, 0x55, 0x55, 0x56, 0x00, 0x3f, 0xff, 0xfe, 0x60, 0x00, 0x02, 0x00, 0x3f, 0xff, 0xfc,
    0x35, 0x55, 0x56, 0x00, 0x3f, 0xff, 0xfc, 0xa0, 0x00, 0x02, 0x00, 0x3f, 0xff, 0xfc, 0x35, 0x55,
    0x56, 0x00, 0x3f, 0xff, 0xfc, 0x20, 0x00, 0x02, 0x00, 0x3f, 0xff, 0xfc, 0x75, 0x55, 0x56, 0x00,
    0x3f, 0xff, 0xfe, 0xc0, 0x00, 0x06, 0x00, 0x3f, 0xff, 0xfe, 0x55, 0x55, 0x56, 0x00, 0x1f, 0xff,
    0xfe, 0xc0, 0x00, 0x04, 0x00, 0x1f, 0xff, 0xff, 0xd5, 0x55, 0x5c, 0x00, 0x0f, 0xff, 0xff, 0xc0,
    0x00, 0x18, 0x00, 0x07, 0xff, 0xff, 0x75, 0x55, 0x70, 0x00, 0x03, 0xff, 0xfe, 0x38, 0x00, 0x60,
    0x00, 0x01, 0xff, 0xfc, 0x1f, 0x55, 0xc0, 0x00, 0x00, 0x7f, 0xf0, 0x07, 0xff, 0x00, 0x00, 0x00,
    0x07, 0x00, 0x00, 0x70, 0x00, 0x00,
  },
  { // Frame 8
    0x00, 0x07, 0x00, 0x00, 0x70, 0x00, 0x00, 0x00, 0x7f, 0xf0, 0x07, 0xff, 0x00, 0x00, 0x01, 0xff,
    0xfc, 0x1c, 0x01, 0xc0, 0x00, 0x03, 0xff, 0xfe, 0x35, 0x55, 0xe0, 0x00, 0x07, 0xff, 0xff, 0x60,
    0x00, 0x30, 0x00, 0x0f, 0xff, 0xff, 0xd5, 0x55, 0x58, 0x00, 0x0f, 0xff, 0xff, 0x80, 0x00, 0x08,
    0x00, 0x1f, 0xff, 0xfe, 0xd5, 0x55, 0x5c, 0x00, 0x1f, 0xff, 0xfe, 0xc0, 0x00, 0x04, 0x00, 0x3f,
    0xff, 0xfc, 0x75, 0x55, 0x56, 0x00, 0x3f, 0xff, 0xfe, 0x20, 0x00, 0x02, 0x00, 0x3f, 0xff, 0xfc,
    0x35, 0x55, 0x56, 0x00, 0x3f, 0xff, 0xfc, 0xa0, 0x00, 0x02, 0x00, 0x3f, 0xff, 0xfc, 0x35, 0x55,
    0x56, 0x00, 0x3f, 0xff, 0xfc, 0x20, 0x00, 0x02, 0x00, 0x3f, 0xff, 0xfc, 0x35, 0x55, 0x56, 0x00,
    0x3f, 0xff, 0xfc, 0xe0, 0x00, 0x06, 0x00, 0x1f, 0xff, 0xfe, 0x55, 0x55, 0x54, 0x00, 0x1f, 0xff,
    0xfe, 0xc0, 0x00, 0x0c, 0x00, 0x0f, 0xff, 0xff, 0xd5, 0x55, 0x58, 0x00, 0x0f, 0xff, 0xff, 0xc0,
    0x00, 0x18, 0x00, 0x07, 0xff, 0xff, 0x75, 0x55, 0x70, 0x00, 0x03, 0xff, 0xfe, 0x30, 0x00, 0xe0,
    0x00, 0x01, 0xff, 0xfc, 0x1d, 0x55, 0xc0, 0x00, 0x00, 0x7f, 0xf0, 0x07, 0xff, 0x00, 0x00, 0x00,
    0x07, 0x00, 0x00, 0x70, 0x00, 0x00,
  },
  { // Frame 9
    0x00, 0x07, 0x00, 0x00, 0x70, 0x00, 0x00, 0x00, 0x7f, 0xf0, 0x07, 0xff, 0x00, 0x00, 0x00, 0xff,
    0xfc, 0x1c, 0x03, 0x80, 0x00, 0x03, 0xff, 0xfe, 0x35, 0x55, 0xe0, 0x00, 0x07, 0xff, 0xff, 0x60,
    0x00, 0x30, 0x00, 0x0f, 0xff, 0xff, 0xd5, 0x55, 0x58, 0x00, 0x0f, 0xff, 0xfe, 0xc0, 0x00, 0x18,
    0x00, 0x1f, 0xff, 0xfe, 0x55, 0x55, 0x5c, 0x00, 0x1f, 0xff, 0xfe, 0xe0, 0x00, 0x04, 0x00, 0x1f,
    0xff, 0xfc, 0x35, 0x55, 0x54, 0x00, 0x3f, 0xff, 0xfe, 0xa0, 0x00, 0x06, 0x00, 0x3f, 0xff, 0xfc,
    0x35, 0x55, 0x56, 0x00, 0x3f, 0xff, 0xfc, 0xa0, 0x00, 0x02, 0x00, 0x3f, 0xff, 0xfc, 0x35, 0x55,
    0x56, 0x00, 0x3f, 0xff, 0xfc, 0x20, 0x00, 0x06, 0x00, 0x3f, 0xff, 0xfc, 0x35, 0x55, 0x56, 0x00,
    0x1f, 0xff, 0xfc, 0xa0, 0x00, 0x04, 0x00, 0x1f, 0xff, 0xfc, 0x75, 0x55, 0x54, 0x00, 0x1f, 0xff,
    0xfe, 0x40, 0x00, 0x0c, 0x00, 0x0f, 0xff, 0xfe, 0xd5, 0x55, 0x58, 0x00, 0x0f, 0xff, 0xff, 0xc0,
    0x00, 0x18, 0x00, 0x07, 0xff, 0xff, 0x75, 0x55, 0x70, 0x00, 0x03, 0xff, 0xfe, 0x30, 0x00, 0xe0,
    0x00, 0x00, 0xff, 0xfc, 0x1d, 0x57, 0x80, 0x00, 0x00, 0x7f, 0xf0, 0x07, 0xff, 0x00, 0x00, 0x00,
    0x07, 0x00, 0x00, 0x70, 0x00, 0x00,
  },
  { // Frame 10
    0x00, 0x07, 0x80, 0x00, 0xf0, 0x00, 0x00, 0x00, 0x3f, 0xf0, 0x07, 0xfe, 0x00, 0x00, 0x00, 0xff,
    0xfc, 0x1c, 0x03, 0x80, 0x00, 0x01, 0xff, 0xff, 0x7a, 0xaa, 0xc0, 0x00, 0x03, 0xff, 0xff, 0xe0,
    0x00, 0x60, 0x00, 0x07, 0xff, 0xff, 0xea, 0xaa, 0xb0, 0x00, 0x0f, 0xff, 0xfe, 0xc0, 0x00, 0x18,
    0x00, 0x0f, 0xff, 0xfc, 0x6a, 0xaa, 0xa8, 0x00, 0x1f, 0xff, 0xfc, 0xe0, 0x00, 0x0c, 0x00, 0x1f,
    0xff, 0xfc, 0x2a, 0xaa, 0xac, 0x00, 0x1f, 0xff, 0xfe, 0xa0, 0x00, 0x04, 0x00, 0x1f, 0xff, 0xf8,
    0x7a, 0xaa, 0xac, 0x00, 0x1f, 0xff, 0xf8, 0xb0, 0x00, 0x04, 0x00, 0x1f, 0xff, 0xf8, 0x3a, 0xaa,
    0xac, 0x00, 0x1f, 0xff, 0xf8, 0x30, 0x00, 0x04, 0x00, 0x1f, 0xff, 0xfc, 0x2a, 0xaa, 0xac, 0x00,
    0x1f, 0xff, 0xfc, 0xa0, 0x00, 0x04, 0x00, 0x1f, 0xff, 0xfc, 0x6a, 0xaa, 0xac, 0x00, 0x0f, 0xff,
    0xfc, 0x60, 0x00, 0x08, 0x00, 0x0f, 0xff, 0xfe, 0xea, 0xaa, 0xb8, 0x00, 0x07, 0xff, 0xff, 0xc0,
    0x00, 0x30, 0x00, 0x03, 0xff, 0xff, 0xea, 0xaa, 0xe0, 0x00, 0x01, 0xff, 0xff, 0x70, 0x00, 0xc0,
    0x00, 0x00, 0xff, 0xfc, 0x1e, 0xab, 0x80, 0x00, 0x00, 0x3f, 0xf0, 0x07, 0xfe, 0x00, 0x00, 0x00,
    0x07, 0x80, 0x00, 0xf0, 0x00, 0x00,
  },
  { // Frame 11
    0x00, 0x03, 0x80, 0x00, 0xe0, 0x00, 0x00, 0x00, 0x3f, 0xf8, 0x0f, 0xfe, 0x00, 0x00, 0x00, 0xff,
    0xfe, 0x3c, 0x03, 0x80, 0x00, 0x01, 0xff, 0xff, 0x7a, 0xaa, 0xc0, 0x00, 0x03, 0xff, 0xff, 0xc0,
    0x00, 0x60, 0x00, 0x07, 0xff, 0xfe, 0xea, 0xaa, 0xb0, 0x00, 0x0f, 0xff, 0xfe, 0xc0, 0x00, 0x18,
    0x00, 0x0f, 0xff, 0xfc, 0x6a, 0xaa, 0xa8, 0x00, 0x1f, 0xff, 0xfc, 0xa0, 0x00, 0x0c, 0x00, 0x1f,
    0xff, 0xfc, 0x2a, 0xaa, 0xac, 0x00, 0x1f, 0xff, 0xfa, 0xb0, 0x00, 0x04, 0x00, 0x1f, 0xff, 0xf8,
    0x5a, 0xaa, 0xac, 0x00, 0x1f, 0xff, 0xf8, 0xb0, 0x00, 0x04, 0x00, 0x1f, 0xff, 0xf8, 0x1a, 0xaa,
    0xac, 0x00, 0x1f, 0xff, 0xf8, 0xb0, 0x00, 0x04, 0x00, 0x1f, 0xff, 0xf8, 0x7a, 0xaa, 0xac, 0x00,
    0x1f, 0xff, 0xfc, 0xa0, 0x00, 0x0c, 0x00, 0x1f, 0xff, 0xfc, 0x2a, 0xaa, 0xac, 0x00, 0x0f, 0xff,
    0xfe, 0xe0, 0x00, 0x08, 0x00, 0x0f, 0xff, 0xfe, 0xea, 0xaa, 0xb8, 0x00, 0x07, 0xff, 0xfe, 0xc0,
    0x00, 0x30, 0x00, 0x03, 0xff, 0xff, 0xea, 0xaa, 0xe0, 0x00, 0x01, 0xff, 0xff, 0x70, 0x00, 0xc0,
    0x00, 0x00, 0xff, 0xfe, 0x3e, 0xab, 0x80, 0x00, 0x00, 0x3f, 0xf8, 0x0f, 0xfe, 0x00, 0x00, 0x00,
    0x03, 0x80, 0x00, 0xe0, 0x00, 0x00,
  },
  { // Frame 12
    0x00, 0x03, 0x80, 0x00, 0xe0, 0x00, 0x00, 0x00, 0x3f, 0xf8, 0x0f, 0xfe, 0x00, 0x00, 0x00, 0xff,
    0xfe, 0x38, 0x03, 0x80, 0x00, 0x01, 0xff, 0xff, 0x6a, 0xab, 0xc0, 0x00, 0x03, 0xff, 0xff, 0xc0,
    0x00, 0x60, 0x00, 0x07, 0xff, 0xfe, 0xea, 0xaa, 0xb0, 0x00, 0x07, 0xff, 0xfe, 0xe0, 0x00, 0x10,
    0x00, 0x0f, 0xff, 0xfc, 0x6a, 0xaa, 0xb8, 0x00, 0x0f, 0xff, 0xfc, 0xa0, 0x00, 0x08, 0x00, 0x1f,
    0xff, 0xf8, 0x3a, 0xaa, 0xac, 0x00, 0x1f, 0xff, 0xfa, 0xb0, 0x00, 0x04, 0x00, 0x1f, 0xff, 0xf8,
    0x5a, 0xaa, 0xac, 0x00, 0x1f, 0xff, 0xf8, 0xb0, 0x00, 0x04, 0x00, 0x1f, 0xff, 0xf8, 0x1a, 0xaa,
    0xac, 0x00, 0x1f, 0xff, 0xf8, 0xb0, 0x00, 0x04, 0x00, 0x1f, 0xff, 0xf8, 0x5a, 0xaa, 0xac, 0x00,
    0x1f, 0xff, 0xf8, 0xb0, 0x00, 0x0c, 0x00, 0x0f, 0xff, 0xfc, 0x2a, 0xaa, 0xa8, 0x00, 0x0f, 0xff,
    0xfe, 0xe0, 0x00, 0x18, 0x00, 0x07, 0xff, 0xfc, 0x6a, 0xaa, 0xb0, 0x00, 0x07, 0xff, 0xfe, 0xc0,
    0x00, 0x30, 0x00, 0x03, 0xff, 0xff, 0xea, 0xaa, 0xe0, 0x00, 0x01, 0xff, 0xff, 0x60, 0x01, 0xc0,
    0x00, 0x00, 0xff, 0xfe, 0x3a, 0xab, 0x80, 0x00, 0x00, 0x3f, 0xf8, 0x0f, 0xfe, 0x00, 0x00, 0x00,
    0x03, 0x80, 0x00, 0xe0, 0x00, 0x00,
  },
  { // Frame 13
    0x00, 0x03, 0x80, 0x00, 0xe0, 0x00, 0x00, 0x00, 0x3f, 0xf8, 0x0f, 0xfe, 0x00, 0x00, 0x00, 0x7f,
    0xfe, 0x38, 0x07, 0x00, 0x00, 0x01, 0xff, 0xff, 0x6a, 0xab, 0xc0, 0x00, 0x03, 0xff, 0xff, 0xc0,
    0x00, 0x60, 0x00, 0x03, 0xff, 0xfe, 0xea, 0xaa, 0xa0, 0x00, 0x07, 0xff, 0xfe, 0xe0, 0x00, 0x30,
    0x00, 0x0f, 0xff, 0xfc, 0x6a, 0xaa, 0xb8, 0x00, 0x0f, 0xff, 0xf8, 0xb0, 0x00, 0x08, 0x00, 0x0f,
    0xff, 0xf8, 0x1a, 0xaa, 0xa8, 0x00, 0x1f, 0xff, 0xfa, 0xb0, 0x00, 0x0c, 0x00, 0x1f, 0xff, 0xf8,
    0x5a, 0xaa, 0xac, 0x00, 0x1f, 0xff, 0xf8, 0xb0, 0x00, 0x04, 0x00, 0x1f, 0xff, 0xf8, 0x5a, 0xaa,
    0xac, 0x00, 0x1f, 0xff, 0xf8, 0xb0, 0x00, 0x0c, 0x00, 0x1f, 0xff, 0xf8, 0x5a, 0xaa, 0xac, 0x00,
    0x0f, 0xff, 0xf8, 0xb0, 0x00, 0x08, 0x00, 0x0f, 0xff, 0xf8, 0x7a, 0xaa, 0xa8, 0x00, 0x0f, 0xff,
    0xfe, 0xa0, 0x00, 0x18, 0x00, 0x07, 0xff, 0xfc, 0x6a, 0xaa, 0xb0, 0x00, 0x03, 0xff, 0xfe, 0xc0,
    0x00, 0x20, 0x00, 0x03, 0xff, 0xff, 0xea, 0xaa, 0xe0, 0x00, 0x01, 0xff, 0xff, 0x60, 0x01, 0xc0,
    0x00, 0x00, 0x7f, 0xfe, 0x3a, 0xaf, 0x00, 0x00, 0x00, 0x3f, 0xf8, 0x0f, 0xfe, 0x00, 0x00, 0x00,
    0x03, 0x80, 0x00, 0xe0, 0x00, 0x00,
  },
  { // Frame 14
    0x00, 0x01, 0xc0, 0x01, 0xc0, 0x00, 0x00, 0x00, 0x1f, 0xf8, 0x0f, 0xfc, 0x00, 0x00, 0x00, 0x7f,
    0xfe, 0x38, 0x07, 0x00, 0x00, 0x00, 0xff, 0xff, 0xf5, 0x55, 0x80, 0x00, 0x01, 0xff, 0xff, 0xc0,
    0x00, 0xc0, 0x00, 0x03, 0xff, 0xfe, 0xd5, 0x55, 0x60, 0x00, 0x07, 0xff, 0xfc, 0xe0, 0x00, 0x30,
    0x00, 0x07, 0xff, 0xf8, 0x75, 0x55, 0x50, 0x00, 0x0f, 0xff, 0xf8, 0xb0, 0x00, 0x18, 0x00, 0x0f,
    0xff, 0xf8, 0x15, 0x55, 0x58, 0x00, 0x0f, 0xff, 0xfa, 0xb0, 0x00, 0x08, 0x00, 0x0f, 0xff, 0xf0,
    0x5d, 0x55, 0x58, 0x00, 0x0f, 0xff, 0xf0, 0xb8, 0x00, 0x08, 0x00, 0x0f, 0xff, 0xf0, 0x5d, 0x55,
    0x58, 0x00, 0x0f, 0xff, 0xf2, 0xb8, 0x00, 0x08, 0x00, 0x0f, 0xff, 0xf8, 0x55, 0x55, 0x58, 0x00,
    0x0f, 0xff, 0xfa, 0xf0, 0x00, 0x08, 0x00, 0x0f, 0xff, 0xf9, 0x75, 0x55, 0x58, 0x00, 0x07, 0xff,
    0xfa, 0xb0, 0x00, 0x10, 0x00, 0x07, 0xff, 0xfd, 0x75, 0x55, 0x70, 0x00, 0x03, 0xff, 0xfe, 0xc0,
    0x00, 0x60, 0x00, 0x01, 0xff, 0xff, 0xd5, 0x55, 0xc0, 0x00, 0x00, 0xff, 0xff, 0xe0, 0x01, 0x80,
    0x00, 0x00, 0x7f, 0xfe, 0x3d, 0x57, 0x00, 0x00, 0x00, 0x1f, 0xf8, 0x0f, 0xfc, 0x00, 0x00, 0x00,
    0x01, 0xc0, 0x01, 0xc0, 0x00, 0x00,
  },
  { // Frame 15
    0x00, 0x01, 0xc0, 0x01, 0xc0, 0x00, 0x00, 0x00, 0x1f, 0xfc, 0x1f, 0xfc, 0x00, 0x00, 0x00, 0x7f,
    0xff, 0x70, 0x07, 0x00, 0x00, 0x00, 0xff, 0xff, 0xf5, 0x55, 0x80, 0x00, 0x01, 0xff, 0xfe, 0xc0,
    0x00, 0xc0, 0x00, 0x03, 0xff, 0xfc, 0x75, 0x55, 0x60, 0x00, 0x07, 0xff, 0xfc, 0xa0, 0x00, 0x30,
    0x00, 0x07, 0xff, 0xf8, 0x75, 0x55, 0x50, 0x00, 0x0f, 0xff, 0xf8, 0xb0, 0x00, 0x18, 0x00, 0x0f,
    0xff, 0xf0, 0x1d, 0x55, 0x58, 0x00, 0x0f, 0xff, 0xf2, 0xb8, 0x00, 0x08, 0x00, 0x0f, 0xff, 0xf0,
    0x5d, 0x55, 0x58, 0x00, 0x0f, 0xff, 0xf2, 0xa8, 0x00, 0x08, 0x00, 0x0f, 0xff, 0xf0, 0x5d, 0x55,
    0x58, 0x00, 0x0f, 0xff, 0xf2, 0xa8, 0x00, 0x08, 0x00, 0x0f, 0xff, 0xf0, 0x5d, 0x55, 0x58, 0x00,
    0x0f, 0xff, 0xfa, 0xf8, 0x00, 0x18, 0x00, 0x0f, 0xff, 0xf9, 0x55, 0x55, 0x58, 0x00, 0x07, 0xff,
    0xfa, 0xb0, 0x00, 0x10, 0x00, 0x07, 0xff, 0xfd, 0x75, 0x55, 0x70, 0x00, 0x03, 0xff, 0xfe, 0xe0,
    0x00, 0x60, 0x00, 0x01, 0xff, 0xff, 0xd5, 0x55, 0xc0, 0x00, 0x00, 0xff, 0xff, 0xe0, 0x01, 0x80,
    0x00, 0x00, 0x7f, 0xff, 0x75, 0x57, 0x00, 0x00, 0x00, 0x1f, 0xfc, 0x1f, 0xfc, 0x00, 0x00, 0x00,
    0x01, 0xc0, 0x01, 0xc0, 0x00, 0x00,
  },
  { // Frame 16
    0x00, 0x01, 0xc0, 0x01, 0xc0, 0x00, 0x00, 0x00, 0x1f, 0xfc, 0x1f, 0xfc, 0x00, 0x00, 0x00, 0x7f,
    0xff, 0x70, 0x07, 0x00, 0x00, 0x00, 0xff, 0xff, 0xd5, 0x57, 0x80, 0x00, 0x01, 0xff, 0xfe, 0xc0,
    0x00, 0xc0, 0x00, 0x03, 0xff, 0xfc, 0x75, 0x55, 0x60, 0x00, 0x03, 0xff, 0xf8, 0xb0, 0x00, 0x20,
    0x00, 0x07, 0xff, 0xf8, 0x75, 0x55, 0x70, 0x00, 0x07, 0xff, 0xf8, 0xb0, 0x00, 0x10, 0x00, 0x0f,
    0xff, 0xf0, 0x1d, 0x55, 0x58, 0x00, 0x0f, 0xff, 0xf2, 0xa8, 0x00, 0x18, 0x00, 0x0f, 0xff, 0xf0,
    0x5d, 0x55, 0x58, 0x00, 0x0f, 0xff, 0xf2, 0xa8, 0x00, 0x08, 0x00, 0x0f, 0xff, 0xf0, 0x5d, 0x55,
    0x58, 0x00, 0x0f, 0xff, 0xf2, 0xa8, 0x00, 0x08, 0x00, 0x0f, 0xff, 0xf0, 0x4d, 0x55, 0x58, 0x00,
    0x0f, 0xff, 0xfa, 0xf8, 0x00, 0x18, 0x00, 0x07, 0xff, 0xf9, 0x55, 0x55, 0x50, 0x00, 0x07, 0xff,
    0xfa, 0xb0, 0x00, 0x30, 0x00, 0x03, 0xff, 0xfd, 0x75, 0x55, 0x60, 0x00, 0x03, 0xff, 0xfe, 0xe0,
    0x00, 0x60, 0x00, 0x01, 0xff, 0xff, 0xd5, 0x55, 0xc0, 0x00, 0x00, 0xff, 0xff, 0xc0, 0x03, 0x80,
    0x00, 0x00, 0x7f, 0xff, 0x75, 0x57, 0x00, 0x00, 0x00, 0x1f, 0xfc, 0x1f, 0xfc, 0x00, 0x00, 0x00,
    0x01, 0xc0, 0x01, 0xc0, 0x00, 0x00,
  },
  { // Frame 17
    0x00, 0x01, 0xc0, 0x01, 0xc0, 0x00, 0x00, 0x00, 0x1f, 0xfc, 0x1f, 0xfc, 0x00, 0x00, 0x00, 0x3f,
    0xff, 0x70, 0x0e, 0x00, 0x00, 0x00, 0xff, 0xff, 0xd5, 0x57, 0x80, 0x00, 0x01, 0xff, 0xfe, 0xc0,
    0x00, 0xc0, 0x00, 0x01, 0xff, 0xfc, 0x75, 0x55, 0x40, 0x00, 0x03, 0xff, 0xf8, 0x30, 0x00, 0x60,
    0x00, 0x07, 0xff, 0xf8, 0x55, 0x55, 0x70, 0x00, 0x07, 0xff, 0xf0, 0xb8, 0x00, 0x10, 0x00, 0x07,
    0xff, 0xf0, 0x1d, 0x55, 0x50, 0x00, 0x0f, 0xff, 0xf2, 0xa8, 0x00, 0x18, 0x00, 0x0f, 0xff, 0xf0,
    0x5d, 0x55, 0x58, 0x00, 0x0f, 0xff, 0xf2, 0xa8, 0x00, 0x08, 0x00, 0x0f, 0xff, 0xf0, 0x5d, 0x55,
    0x58, 0x00, 0x0f, 0xff, 0xf2, 0xa8, 0x00, 0x18, 0x00, 0x0f, 0xff, 0xf1, 0x4d, 0x55, 0x58, 0x00,
    0x07, 0xff, 0xfa, 0xa8, 0x00, 0x10, 0x00, 0x07, 0xff, 0xf1, 0x5d, 0x55, 0x50, 0x00, 0x07, 0xff,
    0xfa, 0xb0, 0x00, 0x30, 0x00, 0x03, 0xff, 0xfd, 0x75, 0x55, 0x60, 0x00, 0x01, 0xff, 0xfe, 0xe0,
    0x00, 0x40, 0x00, 0x01, 0xff, 0xff, 0xd5, 0x55, 0xc0, 0x00, 0x00, 0xff, 0xff, 0xc0, 0x03, 0x80,
    0x00, 0x00, 0x3f, 0xff, 0x75, 0x5e, 0x00, 0x00, 0x00, 0x1f, 0xfc, 0x1f, 0xfc, 0x00, 0x00, 0x00,
    0x01, 0xc0, 0x01, 0xc0, 0x00, 0x00,
  },
  { // Frame 18
    0x00, 0x00, 0xe0, 0x03, 0x80, 0x00, 0x00, 0x00, 0x0f, 0xfe, 0x3f, 0xf8, 0x00, 0x00, 0x00, 0x3f,
    0xff, 0x70, 0x0e, 0x00, 0x00, 0x00, 0x7f, 0xff, 0xea, 0xab, 0x00, 0x00, 0x00, 0xff, 0xfc, 0xe0,
    0x01, 0x80, 0x00, 0x01, 0xff, 0xfc, 0x6a, 0xaa, 0xc0, 0x00, 0x03, 0xff, 0xf8, 0x30, 0x00, 0x60,
    0x00, 0x03, 0xff, 0xf0, 0x1a, 0xaa, 0xa0, 0x00, 0x07, 0xff, 0xf0, 0xb8, 0x00, 0x30, 0x00, 0x07,
    0xff, 0xf0, 0x1a, 0xaa, 0xb0, 0x00, 0x07, 0xff, 0xf2, 0xa8, 0x00, 0x10, 0x00, 0x07, 0xff, 0xe0,
    0x5e, 0xaa, 0xb0, 0x00, 0x07, 0xff, 0xe2, 0xac, 0x00, 0x10, 0x00, 0x07, 0xff, 0xe0, 0x56, 0xaa,
    0xb0, 0x00, 0x07, 0xff, 0xe2, 0xac, 0x00, 0x10, 0x00, 0x07, 0xff, 0xf1, 0x4a, 0xaa, 0xb0, 0x00,
    0x07, 0xff, 0xfa, 0xa8, 0x00, 0x10, 0x00, 0x07, 0xff, 0xf1, 0x1a, 0xaa, 0xb0, 0x00, 0x03, 0xff,
    0xfa, 0xb8, 0x00, 0x20, 0x00, 0x03, 0xff, 0xfd, 0x7a, 0xaa, 0xe0, 0x00, 0x01, 0xff, 0xfe, 0xe0,
    0x00, 0xc0, 0x00, 0x00, 0xff, 0xfd, 0xea, 0xab, 0x80, 0x00, 0x00, 0x7f, 0xff, 0xc0, 0x03, 0x00,
    0x00, 0x00, 0x3f, 0xff, 0x7a, 0xae, 0x00, 0x00, 0x00, 0x0f, 0xfe, 0x3f, 0xf8, 0x00, 0x00, 0x00,
    0x00, 0xe0, 0x03, 0x80, 0x00, 0x00,
  },
  { // Frame 19
    0x00, 0x00, 0xe0, 0x03, 0x80, 0x00, 0x00, 0x00, 0x0f, 0xfe, 0x3f, 0xf8, 0x00, 0x00, 0x00, 0x3f,
    0xff, 0xe0, 0x0e, 0x00, 0x00, 0x00, 0x7f, 0xff, 0xea, 0xab, 0x00, 0x00, 0x00, 0xff, 0xfc, 0xe0,
    0x01, 0x80, 0x00, 0x01, 0xff, 0xf8, 0x3a, 0xaa, 0xc0, 0x00, 0x03, 0xff, 0xf8, 0x30, 0x00, 0x60,
    0x00, 0x03, 0xff, 0xf0, 0x1a, 0xaa, 0xe0, 0x00, 0x07, 0xff, 0xf0, 0xa8, 0x00, 0x30, 0x00, 0x07,
    0xff, 0xe0, 0x1e, 0xaa, 0xb0, 0x00, 0x07, 0xff, 0xe0, 0xac, 0x00, 0x10, 0x00, 0x07, 0xff, 0xe0,
    0x56, 0xaa, 0xb0, 0x00, 0x07, 0xff, 0xe2, 0xac, 0x00, 0x10, 0x00, 0x07, 0xff, 0xe0, 0x56, 0xaa,
    0xb0, 0x00, 0x07, 0xff, 0xe2, 0xac, 0x00, 0x10, 0x00, 0x07, 0xff, 0xe0, 0x4e, 0xaa, 0xb0, 0x00,
    0x07, 0xff, 0xea, 0xac, 0x00, 0x30, 0x00, 0x07, 0xff, 0xf1, 0x0a, 0xaa, 0xb0, 0x00, 0x03, 0xff,
    0xfa, 0xb8, 0x00, 0x60, 0x00, 0x03, 0xff, 0xfd, 0x5a, 0xaa, 0xe0, 0x00, 0x01, 0xff, 0xfa, 0xb0,
    0x00, 0xc0, 0x00, 0x00, 0xff, 0xfd, 0x6a, 0xab, 0x80, 0x00, 0x00, 0x7f, 0xff, 0xc0, 0x03, 0x00,
    0x00, 0x00, 0x3f, 0xff, 0xea, 0xae, 0x00, 0x00, 0x00, 0x0f, 0xfe, 0x3f, 0xf8, 0x00, 0x00, 0x00,
    0x00, 0xe0, 0x03, 0x80, 0x00, 0x00,
  },
  { // Frame 20
    0x00, 0x00, 0xe0, 0x03, 0x80, 0x00, 0x00, 0x00, 0x0f, 0xfe, 0x3f, 0xf8, 0x00, 0x00, 0x00, 0x3f,
    0xff, 0xe0, 0x0e, 0x00, 0x00, 0x00, 0x7f, 0xfe, 0xea, 0xaf, 0x00, 0x00, 0x00, 0xff, 0xfc, 0x60,
    0x01, 0x80, 0x00, 0x01, 0xff, 0xf8, 0x3a, 0xaa, 0xc0, 0x00, 0x01, 0xff, 0xf0, 0x38, 0x00, 0x40,
    0x00, 0x03, 0xff, 0xf0, 0x1a, 0xaa, 0xe0, 0x00, 0x03, 0xff, 0xf0, 0xa8, 0x00, 0x20, 0x00, 0x07,
    0xff, 0xe0, 0x1e, 0xaa, 0xb0, 0x00, 0x07, 0xff, 0xe0, 0xac, 0x00, 0x30, 0x00, 0x07, 0xff, 0xe0,
    0x56, 0xaa, 0xb0, 0x00, 0x07, 0xff, 0xe0, 0xac, 0x00, 0x10, 0x00, 0x07, 0xff, 0xe0, 0x56, 0xaa,
    0xb0, 0x00, 0x07, 0xff, 0xe2, 0xac, 0x00, 0x10, 0x00, 0x07, 0xff, 0xe0, 0x46, 0xaa, 0xb0, 0x00,
    0x07, 0xff, 0xea, 0xec, 0x00, 0x30, 0x00, 0x03, 0xff, 0xf1, 0x4a, 0xaa, 0xa0, 0x00, 0x03, 0xff,
    0xfa, 0xb8, 0x00, 0x60, 0x00, 0x01, 0xff, 0xf5, 0x5a, 0xaa, 0xc0, 0x00, 0x01, 0xff, 0xfa, 0xb0,
    0x00, 0xc0, 0x00, 0x00, 0xff, 0xfd, 0x6a, 0xab, 0x80, 0x00, 0x00, 0x7f, 0xfe, 0xc0, 0x07, 0x00,
    0x00, 0x00, 0x3f, 0xff, 0xea, 0xae, 0x00, 0x00, 0x00, 0x0f, 0xfe, 0x3f, 0xf8, 0x00, 0x00, 0x00,
    0x00, 0xe0, 0x03, 0x80, 0x00, 0x00,
  },
  { // Frame 21
    0x00, 0x00, 0xe0, 0x03, 0x80, 0x00, 0x00, 0x00, 0x0f, 0xfe, 0x3f, 0xf8, 0x00, 0x00, 0x00, 0x1f,
    0xff, 0xe0, 0x1c, 0x00, 0x00, 0x00, 0x7f, 0xfe, 0xea, 0xaf, 0x00, 0x00, 0x00, 0xff, 0xfc, 0x60,
    0x03, 0x80, 0x00, 0x00, 0xff, 0xf8, 0x3a, 0xaa, 0x80, 0x00, 0x01, 0xff, 0xf0, 0x38, 0x00, 0xc0,
    0x00, 0x03, 0xff, 0xf0, 0x0a, 0xaa, 0xe0, 0x00, 0x03, 0xff, 0xe0, 0xac, 0x00, 0x60, 0x00, 0x03,
    0xff, 0xe0, 0x16, 0xaa, 0xa0, 0x00, 0x07, 0xff, 0xe0, 0x2c, 0x00, 0x30, 0x00, 0x07, 0xff, 0xe0,
    0x56, 0xaa, 0xb0, 0x00, 0x07, 0xff, 0xe0, 0xac, 0x00, 0x10, 0x00, 0x07, 0xff, 0xe0, 0x16, 0xaa,
    0xb0, 0x00, 0x07, 0xff, 0xe2, 0xac, 0x00, 0x30, 0x00, 0x07, 0xff, 0xe0, 0x56, 0xaa, 0xb0, 0x00,
    0x03, 0xff, 0xea, 0xec, 0x00, 0x20, 0x00, 0x03, 0xff, 0xe1, 0x4e, 0xaa, 0xe0, 0x00, 0x03, 0xff,
    0xfa, 0xa8, 0x00, 0x60, 0x00, 0x01, 0xff, 0xf5, 0x5a, 0xaa, 0xc0, 0x00, 0x00, 0xff, 0xfa, 0xb0,
    0x00, 0x80, 0x00, 0x00, 0xff, 0xfd, 0x6a, 0xab, 0x80, 0x00, 0x00, 0x7f, 0xfe, 0xc0, 0x07, 0x00,
    0x00, 0x00, 0x1f, 0xff, 0xea, 0xbc, 0x00, 0x00, 0x00, 0x0f, 0xfe, 0x3f, 0xf8, 0x00, 0x00, 0x00,
    0x00, 0xe0, 0x03, 0x80, 0x00, 0x00,
  },
  { // Frame 22
    0x00, 0x00, 0x70, 0x07, 0x00, 0x00, 0x00, 0x00, 0x07, 0xff, 0x7f, 0xf0, 0x00, 0x00, 0x00, 0x1f,
    0xff, 0xe0, 0x1c, 0x00, 0x00, 0x00, 0x3f, 0xfc, 0xf5, 0x56, 0x00, 0x00, 0x00, 0x7f, 0xf8, 0x70,
    0x03, 0x00, 0x00, 0x00, 0xff, 0xf8, 0x35, 0x55, 0x80, 0x00, 0x01, 0xff, 0xf0, 0x38, 0x00, 0xc0,
    0x00, 0x01, 0xff, 0xe0, 0x0d, 0x55, 0x40, 0x00, 0x03, 0xff, 0xe0, 0x2c, 0x00, 0x60, 0x00, 0x03,
    0xff, 0xe0, 0x05, 0x55, 0x60, 0x00, 0x03, 0xff, 0xc0, 0x2e, 0x00, 0x20, 0x00, 0x03, 0xff, 0xc0,
    0x07, 0x55, 0x60, 0x00, 0x03, 0xff, 0xc0, 0xae, 0x00, 0x20, 0x00, 0x03, 0xff, 0xc0, 0x13, 0x55,
    0x60, 0x00, 0x03, 0xff, 0xc2, 0xae, 0x00, 0x20, 0x00, 0x03, 0xff, 0xc0, 0x57, 0x55, 0x60, 0x00,
    0x03, 0xff, 0xea, 0xec, 0x00, 0x20, 0x00, 0x03, 0xff, 0xe1, 0x4d, 0x55, 0x60, 0x00, 0x01, 0xff,
    0xea, 0xac, 0x00, 0x40, 0x00, 0x01, 0xff, 0xf5, 0x5d, 0x55, 0xc0, 0x00, 0x00, 0xff, 0xfa, 0xb0,
    0x01, 0x80, 0x00, 0x00, 0x7f, 0xf9, 0x75, 0x57, 0x00, 0x00, 0x00, 0x3f, 0xfe, 0xe0, 0x06, 0x00,
    0x00, 0x00, 0x1f, 0xff, 0xf5, 0x5c, 0x00, 0x00, 0x00, 0x07, 0xff, 0x7f, 0xf0, 0x00, 0x00, 0x00,
    0x00, 0x70, 0x07, 0x00, 0x00, 0x00,
  },
  { // Frame 23
    0x00, 0x00, 0x70, 0x07, 0x00, 0x00, 0x00, 0x00, 0x07, 0xff, 0x7f, 0xf0, 0x00, 0x00, 0x00, 0x1f,
    0xff, 0xc0, 0x1c, 0x00, 0x00, 0x00, 0x3f, 0xfc, 0xf5, 0x56, 0x00, 0x00, 0x00, 0x7f, 0xf8, 0x30,
    0x03, 0x00, 0x00, 0x00, 0xff, 0xf0, 0x1d, 0x55, 0x80, 0x00, 0x01, 0xff, 0xf0, 0x28, 0x00, 0xc0,
    0x00, 0x01, 0xff, 0xe0, 0x0d, 0x55, 0xc0, 0x00, 0x01, 0xff, 0xe0, 0x0c, 0x00, 0x40, 0x00, 0x03,
    0xff, 0xc0, 0x07, 0x55, 0x60, 0x00, 0x03, 0xff, 0xc0, 0x2e, 0x00, 0x20, 0x00, 0x03, 0xff, 0xc0,
    0x07, 0x55, 0x60, 0x00, 0x03, 0xff, 0xc0, 0xae, 0x00, 0x20, 0x00, 0x03, 0xff, 0xc0, 0x17, 0x55,
    0x60, 0x00, 0x03, 0xff, 0xc2, 0xaa, 0x00, 0x20, 0x00, 0x03, 0xff, 0xc0, 0x57, 0x55, 0x60, 0x00,
    0x03, 0xff, 0xca, 0xee, 0x00, 0x60, 0x00, 0x01, 0xff, 0xe1, 0x55, 0x55, 0x40, 0x00, 0x01, 0xff,
    0xea, 0xac, 0x00, 0xc0, 0x00, 0x01, 0xff, 0xf5, 0x4d, 0x55, 0xc0, 0x00, 0x00, 0xff, 0xfa, 0xb8,
    0x01, 0x80, 0x00, 0x00, 0x7f, 0xf9, 0x35, 0x57, 0x00, 0x00, 0x00, 0x3f, 0xfe, 0xe0, 0x06, 0x00,
    0x00, 0x00, 0x1f, 0xff, 0xd5, 0x5c, 0x00, 0x00, 0x00, 0x07, 0xff, 0x7f, 0xf0, 0x00, 0x00, 0x00,
    0x00, 0x70, 0x07, 0x00, 0x00, 0x00,
  },
  { // Frame 24
    0x00, 0x00, 0x70, 0x07, 0x00, 0x00, 0x00, 0x00, 0x07, 0xff, 0x7f, 0xf0, 0x00, 0x00, 0x00, 0x1f,
    0xff, 0xc0, 0x1c, 0x00, 0x00, 0x00, 0x3f, 0xfc, 0x75, 0x5e, 0x00, 0x00, 0x00, 0x7f, 0xf8, 0x30,
    0x03, 0x00, 0x00, 0x00, 0xff, 0xf0, 0x1d, 0x55, 0x80, 0x00, 0x00, 0xff, 0xe0, 0x0c, 0x00, 0x80,
    0x00, 0x01, 0xff, 0xe0, 0x0d, 0x55, 0xc0, 0x00, 0x01, 0xff, 0xe0, 0x0c, 0x00, 0x40, 0x00, 0x03,
    0xff, 0xc0, 0x07, 0x55, 0x60, 0x00, 0x03, 0xff, 0xc0, 0x2a, 0x00, 0x60, 0x00, 0x03, 0xff, 0xc0,
    0x07, 0x55, 0x60, 0x00, 0x03, 0xff, 0xc0, 0xaa, 0x00, 0x20, 0x00, 0x03, 0xff, 0xc0, 0x17, 0x55,
    0x60, 0x00, 0x03, 0xff, 0xc2, 0xaa, 0x00, 0x20, 0x00, 0x03, 0xff, 0xc0, 0x57, 0x55, 0x60, 0x00,
    0x03, 0xff, 0xca, 0xee, 0x00, 0x60, 0x00, 0x01, 0xff, 0xe1, 0x55, 0x55, 0x40, 0x00, 0x01, 0xff,
    0xea, 0xac, 0x00, 0xc0, 0x00, 0x00, 0xff, 0xe5, 0x4d, 0x55, 0x80, 0x00, 0x00, 0xff, 0xfa, 0xb8,
    0x01, 0x80, 0x00, 0x00, 0x7f, 0xf9, 0x35, 0x57, 0x00, 0x00, 0x00, 0x3f, 0xfe, 0xe0, 0x0e, 0x00,
    0x00, 0x00, 0x1f, 0xff, 0xd5, 0x5c, 0x00, 0x00, 0x00, 0x07, 0xff, 0x7f, 0xf0, 0x00, 0x00, 0x00,
    0x00, 0x70, 0x07, 0x00, 0x00, 0x00,
  },
  { // Frame 25
    0x00, 0x00, 0x70, 0x07, 0x00, 0x00, 0x00, 0x00, 0x07, 0xff, 0x7f, 0xf0, 0x00, 0x00, 0x00, 0x0f,
    0xff, 0xc0, 0x38, 0x00, 0x00, 0x00, 0x3f, 0xfc, 0x75, 0x5e, 0x00, 0x00, 0x00, 0x7f, 0xf8, 0x30,
    0x07, 0x00, 0x00, 0x00, 0x7f, 0xf0, 0x1d, 0x57, 0x00, 0x00, 0x00, 0xff, 0xe0, 0x0c, 0x01, 0x80,
    0x00, 0x01, 0xff, 0xe0, 0x05, 0x55, 0xc0, 0x00, 0x01, 0xff, 0xc0, 0x0e, 0x00, 0xc0, 0x00, 0x01,
    0xff, 0xc0, 0x03, 0x55, 0x40, 0x00, 0x01, 0xff, 0xc0, 0x02, 0x00, 0x40, 0x00, 0x03, 0xff, 0xc0,
    0x07, 0x55, 0x60, 0x00, 0x03, 0xff, 0xc0, 0xaa, 0x00, 0x20, 0x00, 0x03, 0xff, 0xc0, 0x03, 0x55,
    0x60, 0x00, 0x03, 0xff, 0xc0, 0xaa, 0x00, 0x60, 0x00, 0x01, 0xff, 0xc0, 0x57, 0x55, 0x40, 0x00,
    0x01, 0xff, 0xca, 0xaa, 0x00, 0x40, 0x00, 0x01, 0xff, 0xc1, 0x57, 0x55, 0xc0, 0x00, 0x01, 0xff,
    0xea, 0xac, 0x00, 0xc0, 0x00, 0x00, 0xff, 0xe5, 0x4d, 0x55, 0x80, 0x00, 0x00, 0x7f, 0xfa, 0xb8,
    0x03, 0x00, 0x00, 0x00, 0x7f, 0xf9, 0x35, 0x57, 0x00, 0x00, 0x00, 0x3f, 0xfe, 0xe0, 0x0e, 0x00,
    0x00, 0x00, 0x0f, 0xff, 0xd5, 0x78, 0x00, 0x00, 0x00, 0x07, 0xff, 0x7f, 0xf0, 0x00, 0x00, 0x00,
    0x00, 0x70, 0x07, 0x00, 0x00, 0x00,
  },
  { // Frame 26
    0x00, 0x00, 0x38, 0x0e, 0x00, 0x00, 0x00, 0x00, 0x03, 0xff, 0xff, 0xe0, 0x00, 0x00, 0x00, 0x0f,
    0xff, 0xc0, 0x38, 0x00, 0x00, 0x00, 0x1f, 0xf8, 0x7a, 0xac, 0x00, 0x00, 0x00, 0x3f, 0xf0, 0x38,
    0x06, 0x00, 0x00, 0x00, 0x7f, 0xf0, 0x0a, 0xab, 0x00, 0x00, 0x00, 0xff, 0xe0, 0x0c, 0x01, 0x80,
    0x00, 0x00, 0xff, 0xc0, 0x06, 0xaa, 0x80, 0x00, 0x01, 0xff, 0xc0, 0x06, 0x00, 0xc0, 0x00, 0x01,
    0xff, 0xc0, 0x02, 0xaa, 0xc0, 0x00, 0x01, 0xff, 0x80, 0x03, 0x00, 0x40, 0x00, 0x01, 0xff, 0x80,
    0x03, 0xaa, 0xc0, 0x00, 0x01, 0xff, 0x80, 0x0b, 0x00, 0x40, 0x00, 0x01, 0xff, 0x80, 0x01, 0xaa,
    0xc0, 0x00, 0x01, 0xff, 0x80, 0x2b, 0x00, 0x40, 0x00, 0x01, 0xff, 0x80, 0x57, 0xaa, 0xc0, 0x00,
    0x01, 0xff, 0xca, 0xaa, 0x00, 0x40, 0x00, 0x01, 0xff, 0xc1, 0x56, 0xaa, 0xc0, 0x00, 0x00, 0xff,
    0xea, 0xae, 0x00, 0x80, 0x00, 0x00, 0xff, 0xe5, 0x4e, 0xab, 0x80, 0x00, 0x00, 0x7f, 0xfa, 0xa8,
    0x03, 0x00, 0x00, 0x00, 0x3f, 0xf1, 0x3a, 0xae, 0x00, 0x00, 0x00, 0x1f, 0xfa, 0xf0, 0x0c, 0x00,
    0x00, 0x00, 0x0f, 0xff, 0xea, 0xb8, 0x00, 0x00, 0x00, 0x03, 0xff, 0xff, 0xe0, 0x00, 0x00, 0x00,
    0x00, 0x38, 0x0e, 0x00, 0x00, 0x00,
  },
  { // Frame 27
    0x00, 0x00, 0x38, 0x0e, 0x00, 0x00, 0x00, 0x00, 0x03, 0xff, 0xff, 0xe0, 0x00, 0x00, 0x00, 0x0f,
    0xfc, 0xe0, 0x38, 0x00, 0x00, 0x00, 0x1f, 0xf8, 0x7a, 0xac, 0x00, 0x00, 0x00, 0x3f, 0xf0, 0x18,
    0x06, 0x00, 0x00, 0x00, 0x7f, 0xe0, 0x0e, 0xab, 0x00, 0x00, 0x00, 0xff, 0xe0, 0x04, 0x01, 0x80,
    0x00, 0x00, 0xff, 0xc0, 0x06, 0xab, 0x80, 0x00, 0x00, 0xff, 0xc0, 0x02, 0x00, 0x80, 0x00, 0x01,
    0xff, 0x80, 0x03, 0xaa, 0xc0, 0x00, 0x01, 0xff, 0x80, 0x03, 0x00, 0x40, 0x00, 0x01, 0xff, 0x80,
    0x01, 0xaa, 0xc0, 0x00, 0x01, 0xff, 0x80, 0x0b, 0x00, 0x40, 0x00, 0x01, 0xff, 0x80, 0x01, 0xaa,
    0xc0, 0x00, 0x01, 0xff, 0x80, 0x2b, 0x00, 0x40, 0x00, 0x01, 0xff, 0x80, 0x47, 0xaa, 0xc0, 0x00,
    0x01, 0xff, 0x8a, 0xab, 0x00, 0xc0, 0x00, 0x00, 0xff, 0xc1, 0x12, 0xaa, 0x80, 0x00, 0x00, 0xff,
    0xea, 0xae, 0x01, 0x80, 0x00, 0x00, 0xff, 0xe5, 0x46, 0xab, 0x80, 0x00, 0x00, 0x7f, 0xea, 0xac,
    0x03, 0x00, 0x00, 0x00, 0x3f, 0xf1, 0x1a, 0xae, 0x00, 0x00, 0x00, 0x1f, 0xfa, 0xf0, 0x0c, 0x00,
    0x00, 0x00, 0x0f, 0xfd, 0xea, 0xb8, 0x00, 0x00, 0x00, 0x03, 0xff, 0xff, 0xe0, 0x00, 0x00, 0x00,
    0x00, 0x38, 0x0e, 0x00, 0x00, 0x00,
  },
  { // Frame 28
    0x00, 0x00, 0x38, 0x0e, 0x00, 0x00, 0x00, 0x00, 0x03, 0xff, 0xff, 0xe0, 0x00, 0x00, 0x00, 0x0f,
    0xfc, 0xe0, 0x38, 0x00, 0x00, 0x00, 0x1f, 0xf8, 0x3a, 0xbc, 0x00, 0x00, 0x00, 0x3f, 0xf0, 0x18,
    0x06, 0x00, 0x00, 0x00, 0x7f, 0xe0, 0x0e, 0xab, 0x00, 0x00, 0x00, 0x7f, 0xc0, 0x06, 0x01, 0x00,
    0x00, 0x00, 0xff, 0xc0, 0x06, 0xab, 0x80, 0x00, 0x00, 0xff, 0x80, 0x03, 0x00, 0x80, 0x00, 0x01,
    0xff, 0x80, 0x03, 0xaa, 0xc0, 0x00, 0x01, 0xff, 0x80, 0x01, 0x00, 0xc0, 0x00, 0x01, 0xff, 0x80,
    0x01, 0xaa, 0xc0, 0x00, 0x01, 0xff, 0x80, 0x0b, 0x00, 0x40, 0x00, 0x01, 0xff, 0x80, 0x01, 0xaa,
    0xc0, 0x00, 0x01, 0xff, 0x80, 0x23, 0x00, 0x40, 0x00, 0x01, 0xff, 0x80, 0x05, 0xaa, 0xc0, 0x00,
    0x01, 0xff, 0x88, 0xab, 0x00, 0xc0, 0x00, 0x00, 0xff, 0x80, 0x17, 0xaa, 0x80, 0x00, 0x00, 0xff,
    0xea, 0xae, 0x01, 0x80, 0x00, 0x00, 0x7f, 0xc5, 0x46, 0xab, 0x00, 0x00, 0x00, 0x7f, 0xea, 0xac,
    0x03, 0x00, 0x00, 0x00, 0x3f, 0xf1, 0x1a, 0xae, 0x00, 0x00, 0x00, 0x1f, 0xfa, 0xb0, 0x1c, 0x00,
    0x00, 0x00, 0x0f, 0xfd, 0xea, 0xb8, 0x00, 0x00, 0x00, 0x03, 0xff, 0xff, 0xe0, 0x00, 0x00, 0x00,
    0x00, 0x38, 0x0e, 0x00, 0x00, 0x00,
  },
  { // Frame 29
    0x00, 0x00, 0x38, 0x0e, 0x00, 0x00, 0x00, 0x00, 0x03, 0xff, 0xff, 0xe0, 0x00, 0x00, 0x00, 0x07,
    0xfc, 0xe0, 0x70, 0x00, 0x00, 0x00, 0x1f, 0xf8, 0x3a, 0xbc, 0x00, 0x00, 0x00, 0x3f, 0xf0, 0x18,
    0x0e, 0x00, 0x00, 0x00, 0x3f, 0xe0, 0x0e, 0xae, 0x00, 0x00, 0x00, 0x7f, 0xc0, 0x06, 0x03, 0x00,
    0x00, 0x00, 0xff, 0xc0, 0x02, 0xab, 0x80, 0x00, 0x00, 0xff, 0x80, 0x03, 0x01, 0x80, 0x00, 0x00,
    0xff, 0x80, 0x01, 0xaa, 0x80, 0x00, 0x00, 0xff, 0x80, 0x01, 0x00, 0x80, 0x00, 0x01, 0xff, 0x80,
    0x01, 0xaa, 0xc0, 0x00, 0x01, 0xff, 0x80, 0x09, 0x00, 0xc0, 0x00, 0x01, 0xff, 0x80, 0x01, 0xaa,
    0xc0, 0x00, 0x01, 0xff, 0x80, 0x23, 0x00, 0xc0, 0x00, 0x00, 0xff, 0x80, 0x01, 0xaa, 0x80, 0x00,
    0x00, 0xff, 0x80, 0xab, 0x00, 0x80, 0x00, 0x00, 0xff, 0x80, 0x17, 0xab, 0x80, 0x00, 0x00, 0xff,
    0xc2, 0xaa, 0x01, 0x80, 0x00, 0x00, 0x7f, 0xc5, 0x56, 0xab, 0x00, 0x00, 0x00, 0x3f, 0xea, 0xac,
    0x06, 0x00, 0x00, 0x00, 0x3f, 0xf1, 0x1a, 0xae, 0x00, 0x00, 0x00, 0x1f, 0xfa, 0xb0, 0x1c, 0x00,
    0x00, 0x00, 0x07, 0xfd, 0xea, 0xf0, 0x00, 0x00, 0x00, 0x03, 0xff, 0xff, 0xe0, 0x00, 0x00, 0x00,
    0x00, 0x38, 0x0e, 0x00, 0x00, 0x00,
  },
  { // Frame 30
    0x00, 0x00, 0x1c, 0x1c, 0x00, 0x00, 0x00, 0x00, 0x01, 0xff, 0xff, 0xc0, 0x00, 0x00, 0x00, 0x07,
    0xfc, 0xe0, 0x70, 0x00, 0x00, 0x00, 0x0f, 0xf0, 0x3d, 0x58, 0x00, 0x00, 0x00, 0x1f, 0xe8, 0x0c,
    0x0c, 0x00, 0x00, 0x00, 0x3f, 0xe0, 0x05, 0x56, 0x00, 0x00, 0x00, 0x7f, 0xc0, 0x06, 0x03, 0x00,
    0x00, 0x00, 0x7f, 0x80, 0x03, 0x55, 0x00, 0x00, 0x00, 0xff, 0x80, 0x01, 0x01, 0x80, 0x00, 0x00,
    0xff, 0x80, 0x01, 0x55, 0x80, 0x00, 0x00, 0xff, 0x00, 0x01, 0x80, 0x80, 0x00, 0x00, 0xff, 0x00,
    0x01, 0xd5, 0x80, 0x00, 0x00, 0xff, 0x00, 0x08, 0x80, 0x80, 0x00, 0x00, 0xff, 0x00, 0x00, 0xd5,
    0x80, 0x00, 0x00, 0xff, 0x00, 0x21, 0x80, 0x80, 0x00, 0x00, 0xff, 0x00, 0x01, 0xd5, 0x80, 0x00,
    0x00, 0xff, 0x80, 0xab, 0x00, 0x80, 0x00, 0x00, 0xff, 0x80, 0x15, 0x55, 0x80, 0x00, 0x00, 0x7f,
    0x82, 0xab, 0x01, 0x00, 0x00, 0x00, 0x7f, 0xc0, 0x57, 0x57, 0x00, 0x00, 0x00, 0x3f, 0xea, 0xec,
    0x06, 0x00, 0x00, 0x00, 0x1f, 0xe1, 0x5d, 0x5c, 0x00, 0x00, 0x00, 0x0f, 0xfa, 0xb8, 0x18, 0x00,
    0x00, 0x00, 0x07, 0xfd, 0xf5, 0x70, 0x00, 0x00, 0x00, 0x01, 0xff, 0xff, 0xc0, 0x00, 0x00, 0x00,
    0x00, 0x1c, 0x1c, 0x00, 0x00, 0x00,
  },
  { // Frame 31
    0x00, 0x00, 0x1c, 0x1c, 0x00, 0x00, 0x00, 0x00, 0x01, 0xff, 0xff, 0xc0, 0x00, 0x00, 0x00, 0x07,
    0xfa, 0x70, 0x70, 0x00, 0x00, 0x00, 0x0f, 0xf0, 0x3d, 0x58, 0x00, 0x00, 0x00, 0x1f, 0xe8, 0x0c,
    0x0c, 0x00, 0x00, 0x00, 0x3f, 0xc0, 0x07, 0x56, 0x00, 0x00, 0x00, 0x7f, 0xc0, 0x02, 0x03, 0x00,
    0x00, 0x00, 0x7f, 0x80, 0x03, 0x57, 0x00, 0x00, 0x00, 0x7f, 0x80, 0x01, 0x01, 0x00, 0x00, 0x00,
    0xff, 0x00, 0x01, 0xd5, 0x80, 0x00, 0x00, 0xff, 0x00, 0x01, 0x80, 0x80, 0x00, 0x00, 0xff, 0x00,
    0x00, 0xd5, 0x80, 0x00, 0x00, 0xff, 0x00, 0x08, 0x80, 0x80, 0x00, 0x00, 0xff, 0x00, 0x00, 0xd5,
    0x80, 0x00, 0x00, 0xff, 0x00, 0x20, 0x80, 0x80, 0x00, 0x00, 0xff, 0x00, 0x01, 0xd5, 0x80, 0x00,
    0x00, 0xff, 0x00, 0xab, 0x81, 0x80, 0x00, 0x00, 0x7f, 0x80, 0x01, 0x55, 0x00, 0x00, 0x00, 0x7f,
    0x82, 0xab, 0x03, 0x00, 0x00, 0x00, 0x7f, 0xc0, 0x57, 0x57, 0x00, 0x00, 0x00, 0x3f, 0xca, 0xae,
    0x06, 0x00, 0x00, 0x00, 0x1f, 0xe1, 0x5d, 0x5c, 0x00, 0x00, 0x00, 0x0f, 0xfa, 0xb8, 0x18, 0x00,
    0x00, 0x00, 0x07, 0xfd, 0x75, 0x70, 0x00, 0x00, 0x00, 0x01, 0xff, 0xff, 0xc0, 0x00, 0x00, 0x00,
    0x00, 0x1c, 0x1c, 0x00, 0x00, 0x00,
  },
  { // Frame 32
    0x00, 0x00, 0x1c, 0x1c, 0x00, 0x00, 0x00, 0x00, 0x01, 0xff, 0xff, 0xc0, 0x00, 0x00, 0x00, 0x07,
    0xfa, 0x70, 0xf0, 0x00, 0x00, 0x00, 0x0f, 0xf0, 0x1d, 0x78, 0x00, 0x00, 0x00, 0x1f, 0xe8, 0xac,
    0x0c, 0x00, 0x00, 0x00, 0x3f, 0xc0, 0x07, 0x56, 0x00, 0x00, 0x00, 0x3f, 0x80, 0x23, 0x02, 0x00,
    0x00, 0x00, 0x7f, 0x80, 0x01, 0x57, 0x00, 0x00, 0x00, 0x7f, 0x00, 0x89, 0x81, 0x00, 0x00, 0x00,
    0x7f, 0x00, 0x01, 0xd5, 0x00, 0x00, 0x00, 0xff, 0x00, 0x00, 0x81, 0x80, 0x00, 0x00, 0xff, 0x00,
    0x00, 0xd5, 0x80, 0x00, 0x00, 0xff, 0x00, 0x08, 0x80, 0x80, 0x00, 0x00, 0xff, 0x00, 0x00, 0xd5,
    0x80, 0x00, 0x00, 0xff, 0x00, 0x20, 0x80, 0x80, 0x00, 0x00, 0xff, 0x00, 0x00, 0xd5, 0x80, 0x00,
    0x00, 0x7f, 0x00, 0xa9, 0x81, 0x00, 0x00, 0x00, 0x7f, 0x00, 0x01, 0xd5, 0x00, 0x00, 0x00, 0x7f,
    0x82, 0xab, 0x03, 0x00, 0x00, 0x00, 0x3f, 0x80, 0x57, 0x56, 0x00, 0x00, 0x00, 0x3f, 0xca, 0xae,
    0x06, 0x00, 0x00, 0x00, 0x1f, 0xe1, 0x5d, 0x5c, 0x00, 0x00, 0x00, 0x0f, 0xfa, 0xb8, 0x38, 0x00,
    0x00, 0x00, 0x07, 0xfd, 0x75, 0xf0, 0x00, 0x00, 0x00, 0x01, 0xff, 0xff, 0xc0, 0x00, 0x00, 0x00,
    0x00, 0x1c, 0x1c, 0x00, 0x00, 0x00,
  },
  { // Frame 33
    0x00, 0x00, 0x1c, 0x1c, 0x00, 0x00, 0x00, 0x00, 0x00, 0xff, 0xff, 0x80, 0x00, 0x00, 0x00, 0x03,
    0xfa, 0xf0, 0xe0, 0x00, 0x00, 0x00, 0x0f, 0xf4, 0x5d, 0x78, 0x00, 0x00, 0x00, 0x1f, 0xea, 0xac,
    0x1c, 0x00, 0x00, 0x00, 0x1f, 0xc0, 0x07, 0x5c, 0x00, 0x00, 0x00, 0x3f, 0xa2, 0xa3, 0x06, 0x00,
    0x00, 0x00, 0x7f, 0x80, 0x01, 0x57, 0x00, 0x00, 0x00, 0x7f, 0x88, 0xa9, 0x83, 0x00, 0x00, 0x00,
    0x7f, 0x00, 0x00, 0xd5, 0x00, 0x00, 0x00, 0x7f, 0x02, 0x20, 0x81, 0x00, 0x00, 0x00, 0xff, 0x00,
    0x00, 0xd5, 0x80, 0x00, 0x00, 0xff, 0x08, 0x88, 0x81, 0x80, 0x00, 0x00, 0xff, 0x00, 0x00, 0xd5,
    0x80, 0x00, 0x00, 0xff, 0x00, 0x20, 0x81, 0x80, 0x00, 0x00, 0x7f, 0x00, 0x00, 0xd5, 0x00, 0x00,
    0x00, 0x7f, 0x00, 0xa8, 0x81, 0x00, 0x00, 0x00, 0x7f, 0x00, 0x01, 0xd7, 0x00, 0x00, 0x00, 0x7f,
    0x82, 0x2b, 0x03, 0x00, 0x00, 0x00, 0x3f, 0x80, 0x47, 0x56, 0x00, 0x00, 0x00, 0x1f, 0xca, 0xae,
    0x0c, 0x00, 0x00, 0x00, 0x1f, 0xe0, 0x1d, 0x5c, 0x00, 0x00, 0x00, 0x0f, 0xf2, 0xb8, 0x38, 0x00,
    0x00, 0x00, 0x03, 0xfd, 0x75, 0xe0, 0x00, 0x00, 0x00, 0x00, 0xff, 0xff, 0x80, 0x00, 0x00, 0x00,
    0x00, 0x1c, 0x1c, 0x00, 0x00, 0x00,
  },
  { // Frame 34
    0x00, 0x00, 0x0e, 0x38, 0x00, 0x00, 0x00, 0x00, 0x00, 0xff, 0xff, 0x80, 0x00, 0x00, 0x00, 0x03,
    0xfa, 0xf0, 0xe0, 0x00, 0x00, 0x00, 0x07, 0xe5, 0x5e, 0xb0, 0x00, 0x00, 0x00, 0x0f, 0xea, 0xae,
    0x18, 0x00, 0x00, 0x00, 0x1f, 0xc1, 0x12, 0xac, 0x00, 0x00, 0x00, 0x3f, 0xaa, 0xab, 0x06, 0x00,
    0x00, 0x00, 0x3f, 0x00, 0x41, 0xaa, 0x00, 0x00, 0x00, 0x7f, 0xaa, 0xa8, 0x83, 0x00, 0x00, 0x00,
    0x7f, 0x00, 0x00, 0xab, 0x00, 0x00, 0x00, 0x7e, 0x22, 0x20, 0xc1, 0x00, 0x00, 0x00, 0x7e, 0x00,
    0x00, 0xeb, 0x00, 0x00, 0x00, 0x7e, 0x0a, 0x88, 0x41, 0x00, 0x00, 0x00, 0x7e, 0x00, 0x00, 0x6b,
    0x00, 0x00, 0x00, 0x7e, 0x00, 0x20, 0xc1, 0x00, 0x00, 0x00, 0x7e, 0x00, 0x00, 0xeb, 0x00, 0x00,
    0x00, 0x7f, 0x80, 0xa8, 0x81, 0x00, 0x00, 0x00, 0x7f, 0x00, 0x00, 0xab, 0x00, 0x00, 0x00, 0x3f,
    0x02, 0x23, 0x82, 0x00, 0x00, 0x00, 0x3f, 0x80, 0x07, 0xae, 0x00, 0x00, 0x00, 0x1f, 0xca, 0xaa,
    0x0c, 0x00, 0x00, 0x00, 0x0f, 0xc0, 0x16, 0xb8, 0x00, 0x00, 0x00, 0x07, 0xe2, 0xbc, 0x30, 0x00,
    0x00, 0x00, 0x03, 0xfd, 0x7a, 0xe0, 0x00, 0x00, 0x00, 0x00, 0xff, 0xff, 0x80, 0x00, 0x00, 0x00,
    0x00, 0x0e, 0x38, 0x00, 0x00, 0x00,
  },
  { // Frame 35
    0x00, 0x00, 0x0e, 0x38, 0x00, 0x00, 0x00, 0x00, 0x00, 0xff, 0xff, 0x80, 0x00, 0x00, 0x00, 0x03,
    0xfa, 0xb8, 0xe0, 0x00, 0x00, 0x00, 0x07, 0xf5, 0x5e, 0xb0, 0x00, 0x00, 0x00, 0x0f, 0xee, 0xee,
    0x18, 0x00, 0x00, 0x00, 0x1f, 0x91, 0x53, 0xac, 0x00, 0x00, 0x00, 0x3f, 0xaa, 0xab, 0x06, 0x00,
    0x00, 0x00, 0x3f, 0x05, 0x55, 0xae, 0x00, 0x00, 0x00, 0x3f, 0xaa, 0xaa, 0x82, 0x00, 0x00, 0x00,
    0x7e, 0x01, 0x10, 0xeb, 0x00, 0x00, 0x00, 0x7e, 0x2a, 0xaa, 0x41, 0x00, 0x00, 0x00, 0x7e, 0x00,
    0x00, 0x6b, 0x00, 0x00, 0x00, 0x7e, 0x8a, 0xa8, 0x41, 0x00, 0x00, 0x00, 0x7e, 0x00, 0x00, 0x6b,
    0x00, 0x00, 0x00, 0x7e, 0x22, 0x20, 0x41, 0x00, 0x00, 0x00, 0x7e, 0x00, 0x00, 0x6b, 0x00, 0x00,
    0x00, 0x7e, 0x88, 0xa8, 0xc3, 0x00, 0x00, 0x00, 0x3f, 0x00, 0x00, 0xaa, 0x00, 0x00, 0x00, 0x3f,
    0x02, 0x23, 0x86, 0x00, 0x00, 0x00, 0x3f, 0x80, 0x01, 0xae, 0x00, 0x00, 0x00, 0x1f, 0x8a, 0xab,
    0x0c, 0x00, 0x00, 0x00, 0x0f, 0xc0, 0x06, 0xb8, 0x00, 0x00, 0x00, 0x07, 0xe2, 0xbc, 0x30, 0x00,
    0x00, 0x00, 0x03, 0xf0, 0x7a, 0xe0, 0x00, 0x00, 0x00, 0x00, 0xff, 0xff, 0x80, 0x00, 0x00, 0x00,
    0x00, 0x0e, 0x38, 0x00, 0x00, 0x00,
  },
  { // Frame 36
    0x00, 0x00, 0x0e, 0x38, 0x00, 0x00, 0x00, 0x00, 0x00, 0xff, 0xff, 0x80, 0x00, 0x00, 0x00, 0x03,
    0xfa, 0xb9, 0xe0, 0x00, 0x00, 0x00, 0x07, 0xf5, 0x5e, 0xf0, 0x00, 0x00, 0x00, 0x0f, 0xee, 0xae,
    0x18, 0x00, 0x00, 0x00, 0x1f, 0x95, 0x57, 0xac, 0x00, 0x00, 0x00, 0x1f, 0xaa, 0xab, 0x8c, 0x00,
    0x00, 0x00, 0x3f, 0x55, 0x54, 0xae, 0x00, 0x00, 0x00, 0x3e, 0xaa, 0xaa, 0xc2, 0x00, 0x00, 0x00,
    0x3e, 0x01, 0x10, 0xea, 0x00, 0x00, 0x00, 0x7e, 0x2a, 0xaa, 0x43, 0x00, 0x00, 0x00, 0x7e, 0x04,
    0x40, 0x6b, 0x00, 0x00, 0x00, 0x7e, 0xaa, 0xa8, 0x41, 0x00, 0x00, 0x00, 0x7e, 0x00, 0x00, 0x6b,
    0x00, 0x00, 0x00, 0x7e, 0x22, 0xa0, 0x41, 0x00, 0x00, 0x00, 0x7e, 0x00, 0x00, 0x6b, 0x00, 0x00,
    0x00, 0x3e, 0x8a, 0xa8, 0xc2, 0x00, 0x00, 0x00, 0x3e, 0x00, 0x00, 0xea, 0x00, 0x00, 0x00, 0x3f,
    0x02, 0x20, 0x86, 0x00, 0x00, 0x00, 0x1f, 0x00, 0x01, 0xac, 0x00, 0x00, 0x00, 0x1f, 0x8a, 0xab,
    0x0c, 0x00, 0x00, 0x00, 0x0f, 0xc0, 0x06, 0xb8, 0x00, 0x00, 0x00, 0x07, 0xe2, 0xac, 0x70, 0x00,
    0x00, 0x00, 0x03, 0xf0, 0x7b, 0xe0, 0x00, 0x00, 0x00, 0x00, 0xff, 0xff, 0x80, 0x00, 0x00, 0x00,
    0x00, 0x0e, 0x38, 0x00, 0x00, 0x00,
  },
  { // Frame 37
    0x00, 0x00, 0x0f, 0x78, 0x00, 0x00, 0x00, 0x00, 0x00, 0x7f, 0xff, 0x00, 0x00, 0x00, 0x00, 0x01,
    0xfa, 0xb9, 0xc0, 0x00, 0x00, 0x00, 0x07, 0xf4, 0x4e, 0xf0, 0x00, 0x00, 0x00, 0x0f, 0xea, 0xae,
    0x38, 0x00, 0x00, 0x00, 0x0f, 0x91, 0x17, 0xb8, 0x00, 0x00, 0x00, 0x1f, 0xaa, 0xab, 0x8c, 0x00,
    0x00, 0x00, 0x3f, 0x55, 0x54, 0xae, 0x00, 0x00, 0x00, 0x3e, 0xaa, 0xea, 0xc6, 0x00, 0x00, 0x00,
    0x3e, 0x15, 0x50, 0x6a, 0x00, 0x00, 0x00, 0x3e, 0x2a, 0xaa, 0x42, 0x00, 0x00, 0x00, 0x7e, 0x05,
    0x44, 0x6b, 0x00, 0x00, 0x00, 0x7c, 0xaa, 0xaa, 0x63, 0x00, 0x00, 0x00, 0x7c, 0x00, 0x00, 0x6b,
    0x00, 0x00, 0x00, 0x7e, 0x2a, 0xa0, 0x43, 0x00, 0x00, 0x00, 0x3e, 0x00, 0x00, 0x6a, 0x00, 0x00,
    0x00, 0x3e, 0xaa, 0xa0, 0x42, 0x00, 0x00, 0x00, 0x3e, 0x00, 0x00, 0xee, 0x00, 0x00, 0x00, 0x3f,
    0x22, 0x20, 0x86, 0x00, 0x00, 0x00, 0x1f, 0x00, 0x01, 0xac, 0x00, 0x00, 0x00, 0x0f, 0x8a, 0x8b,
    0x18, 0x00, 0x00, 0x00, 0x0f, 0xc0, 0x06, 0xb8, 0x00, 0x00, 0x00, 0x07, 0xe2, 0xac, 0x70, 0x00,
    0x00, 0x00, 0x01, 0xf0, 0x7b, 0xc0, 0x00, 0x00, 0x00, 0x00, 0x7f, 0xff, 0x00, 0x00, 0x00, 0x00,
    0x00, 0x0f, 0x78, 0x00, 0x00, 0x00,
  },
  { // Frame 38
    0x00, 0x00, 0x07, 0x70, 0x00, 0x00, 0x00, 0x00, 0x00, 0x7f, 0xff, 0x00, 0x00, 0x00, 0x00, 0x01,
    0xfa, 0x39, 0xc0, 0x00, 0x00, 0x00, 0x03, 0xd4, 0x0f, 0x60, 0x00, 0x00, 0x00, 0x07, 0xea, 0xab,
    0x30, 0x00, 0x00, 0x00, 0x0f, 0x50, 0x11, 0xd8, 0x00, 0x00, 0x00, 0x1f, 0xaa, 0xab, 0x8c, 0x00,
    0x00, 0x00, 0x1e, 0x55, 0x55, 0xd4, 0x00, 0x00, 0x00, 0x3e, 0xaa, 0xaa, 0xc6, 0x00, 0x00, 0x00,
    0x3e, 0x15, 0x55, 0x56, 0x00, 0x00, 0x00, 0x3e, 0xab, 0xaa, 0x62, 0x00, 0x00, 0x00, 0x3c, 0x45,
    0x54, 0x76, 0x00, 0x00, 0x00, 0x3e, 0xaa, 0xaa, 0xa2, 0x00, 0x00, 0x00, 0x3c, 0x01, 0x00, 0x36,
    0x00, 0x00, 0x00, 0x3e, 0xaa, 0xa0, 0x62, 0x00, 0x00, 0x00, 0x3c, 0x00, 0x00, 0x76, 0x00, 0x00,
    0x00, 0x3e, 0xaa, 0xa0, 0x42, 0x00, 0x00, 0x00, 0x3e, 0x00, 0x00, 0x56, 0x00, 0x00, 0x00, 0x1e,
    0xa2, 0x20, 0xc4, 0x00, 0x00, 0x00, 0x1f, 0x00, 0x01, 0xdc, 0x00, 0x00, 0x00, 0x0f, 0xaa, 0x89,
    0x98, 0x00, 0x00, 0x00, 0x07, 0x80, 0x03, 0x70, 0x00, 0x00, 0x00, 0x03, 0xe2, 0xae, 0x60, 0x00,
    0x00, 0x00, 0x01, 0xf0, 0x7d, 0xc0, 0x00, 0x00, 0x00, 0x00, 0x7f, 0xff, 0x00, 0x00, 0x00, 0x00,
    0x00, 0x07, 0x70, 0x00, 0x00, 0x00,
  },
  { // Frame 39
    0x00, 0x00, 0x07, 0x70, 0x00, 0x00, 0x00, 0x00, 0x00, 0x7f, 0xff, 0x00, 0x00, 0x00, 0x00, 0x01,
    0xea, 0x1d, 0xc0, 0x00, 0x00, 0x00, 0x03, 0xc0, 0x07, 0x60, 0x00, 0x00, 0x00, 0x07, 0xea, 0xab,
    0x30, 0x00, 0x00, 0x00, 0x0f, 0x50, 0x01, 0xd8, 0x00, 0x00, 0x00, 0x0f, 0xaa, 0xaa, 0x88, 0x00,
    0x00, 0x00, 0x1e, 0x54, 0x55, 0xdc, 0x00, 0x00, 0x00, 0x1e, 0xaa, 0xae, 0xc4, 0x00, 0x00, 0x00,
    0x3c, 0x15, 0x55, 0x76, 0x00, 0x00, 0x00, 0x3e, 0xaa, 0xaa, 0xa2, 0x00, 0x00, 0x00, 0x3c, 0x55,
    0x54, 0x36, 0x00, 0x00, 0x00, 0x3e, 0xaa, 0xaa, 0xa2, 0x00, 0x00, 0x00, 0x3c, 0x11, 0x00, 0x36,
    0x00, 0x00, 0x00, 0x3e, 0xaa, 0xa0, 0x22, 0x00, 0x00, 0x00, 0x3c, 0x44, 0x00, 0x36, 0x00, 0x00,
    0x00, 0x3e, 0xaa, 0xa0, 0x66, 0x00, 0x00, 0x00, 0x1e, 0x00, 0x00, 0x54, 0x00, 0x00, 0x00, 0x1e,
    0xaa, 0x20, 0xcc, 0x00, 0x00, 0x00, 0x0f, 0x00, 0x00, 0xd8, 0x00, 0x00, 0x00, 0x0f, 0xaa, 0x89,
    0x98, 0x00, 0x00, 0x00, 0x07, 0x80, 0x03, 0x70, 0x00, 0x00, 0x00, 0x03, 0xe2, 0xa6, 0x60, 0x00,
    0x00, 0x00, 0x01, 0xe0, 0x5d, 0xc0, 0x00, 0x00, 0x00, 0x00, 0x7f, 0xff, 0x00, 0x00, 0x00, 0x00,
    0x00, 0x07, 0x70, 0x00, 0x00, 0x00,
  },
  { // Frame 40
    0x00, 0x00, 0x07, 0x70, 0x00, 0x00, 0x00, 0x00, 0x00, 0x7f, 0xff, 0x00, 0x00, 0x00, 0x00, 0x01,
    0xe2, 0x1f, 0xc0, 0x00, 0x00, 0x00, 0x03, 0xc0, 0x07, 0xe0, 0x00, 0x00, 0x00, 0x07, 0xaa, 0x8b,
    0x30, 0x00, 0x00, 0x00, 0x0f, 0x50, 0x01, 0xd8, 0x00, 0x00, 0x00, 0x0e, 0xaa, 0xaa, 0xd8, 0x00,
    0x00, 0x00, 0x1e, 0x54, 0x45, 0x5c, 0x00, 0x00, 0x00, 0x1e, 0xea, 0xaa, 0xe4, 0x00, 0x00, 0x00,
    0x1d, 0x55, 0x15, 0x74, 0x00, 0x00, 0x00, 0x3e, 0xaa, 0xaa, 0xa6, 0x00, 0x00, 0x00, 0x3c, 0x55,
    0x54, 0x36, 0x00, 0x00, 0x00, 0x3e, 0xae, 0xaa, 0xa2, 0x00, 0x00, 0x00, 0x3c, 0x11, 0x10, 0x36,
    0x00, 0x00, 0x00, 0x3e, 0xaa, 0xa0, 0x22, 0x00, 0x00, 0x00, 0x3c, 0x44, 0x40, 0x36, 0x00, 0x00,
    0x00, 0x1e, 0xaa, 0xa0, 0x64, 0x00, 0x00, 0x00, 0x1c, 0x00, 0x00, 0x74, 0x00, 0x00, 0x00, 0x1e,
    0xaa, 0x20, 0x4c, 0x00, 0x00, 0x00, 0x0e, 0x40, 0x00, 0xd8, 0x00, 0x00, 0x00, 0x0f, 0xaa, 0x89,
    0x98, 0x00, 0x00, 0x00, 0x07, 0x80, 0x03, 0x70, 0x00, 0x00, 0x00, 0x03, 0xea, 0x26, 0xe0, 0x00,
    0x00, 0x00, 0x01, 0xe0, 0x1f, 0xc0, 0x00, 0x00, 0x00, 0x00, 0x7f, 0xff, 0x00, 0x00, 0x00, 0x00,
    0x00, 0x07, 0x70, 0x00, 0x00, 0x00,
  },
  { // Frame 41
    0x00, 0x00, 0x07, 0xf0, 0x00, 0x00, 0x00, 0x00, 0x00, 0x3f, 0xfe, 0x00, 0x00, 0x00, 0x00, 0x00,
    0xe0, 0x1f, 0x80, 0x00, 0x00, 0x00, 0x03, 0xc0, 0x07, 0xe0, 0x00, 0x00, 0x00, 0x07, 0xaa, 0x8b,
    0x70, 0x00, 0x00, 0x00, 0x07, 0x00, 0x01, 0xf0, 0x00, 0x00, 0x00, 0x0e, 0xaa, 0xaa, 0xd8, 0x00,
    0x00, 0x00, 0x0f, 0x50, 0x45, 0x58, 0x00, 0x00, 0x00, 0x1e, 0xea, 0xaa, 0xec, 0x00, 0x00, 0x00,
    0x1d, 0x51, 0x15, 0x34, 0x00, 0x00, 0x00, 0x1e, 0xaa, 0xaa, 0xa4, 0x00, 0x00, 0x00, 0x3c, 0x55,
    0x54, 0x36, 0x00, 0x00, 0x00, 0x3a, 0xae, 0xea, 0xb6, 0x00, 0x00, 0x00, 0x38, 0x15, 0x10, 0x36,
    0x00, 0x00, 0x00, 0x3e, 0xaa, 0xa0, 0x26, 0x00, 0x00, 0x00, 0x1c, 0x44, 0x40, 0x34, 0x00, 0x00,
    0x00, 0x1e, 0xaa, 0xa0, 0x24, 0x00, 0x00, 0x00, 0x1d, 0x00, 0x00, 0x7c, 0x00, 0x00, 0x00, 0x0e,
    0xaa, 0x20, 0x48, 0x00, 0x00, 0x00, 0x0e, 0x40, 0x00, 0xd8, 0x00, 0x00, 0x00, 0x07, 0xaa, 0x89,
    0xb0, 0x00, 0x00, 0x00, 0x07, 0x80, 0x03, 0x70, 0x00, 0x00, 0x00, 0x03, 0xea, 0x26, 0xe0, 0x00,
    0x00, 0x00, 0x00, 0xe0, 0x1f, 0x80, 0x00, 0x00, 0x00, 0x00, 0x3f, 0xfe, 0x00, 0x00, 0x00, 0x00,
    0x00, 0x07, 0xf0, 0x00, 0x00, 0x00,
  },
  { // Frame 42
    0x00, 0x00, 0x03, 0xe0, 0x00, 0x00, 0x00, 0x00, 0x00, 0x3f, 0xfe, 0x00, 0x00, 0x00, 0x00, 0x00,
    0xe0, 0x1f, 0x80, 0x00, 0x00, 0x00, 0x01, 0xc0, 0x07, 0xc0, 0x00, 0x00, 0x00, 0x03, 0xa8, 0x0b,
    0xe0, 0x00, 0x00, 0x00, 0x07, 0x00, 0x01, 0xf0, 0x00, 0x00, 0x00, 0x0e, 0xa2, 0x2a, 0xd8, 0x00,
    0x00, 0x00, 0x0d, 0x40, 0x05, 0x68, 0x00, 0x00, 0x00, 0x1e, 0xea, 0xaa, 0xac, 0x00, 0x00, 0x00,
    0x1d, 0x51, 0x15, 0x2c, 0x00, 0x00, 0x00, 0x1a, 0xaa, 0xaa, 0xb4, 0x00, 0x00, 0x00, 0x1d, 0x55,
    0x54, 0x1c, 0x00, 0x00, 0x00, 0x1a, 0xae, 0xea, 0x94, 0x00, 0x00, 0x00, 0x19, 0x15, 0x50, 0x1c,
    0x00, 0x00, 0x00, 0x1a, 0xaa, 0xa8, 0x14, 0x00, 0x00, 0x00, 0x1c, 0x54, 0x40, 0x3c, 0x00, 0x00,
    0x00, 0x1e, 0xaa, 0xa8, 0x24, 0x00, 0x00, 0x00, 0x1d, 0x10, 0x00, 0x2c, 0x00, 0x00, 0x00, 0x0e,
    0xaa, 0x20, 0x68, 0x00, 0x00, 0x00, 0x0f, 0x40, 0x00, 0xf8, 0x00, 0x00, 0x00, 0x06, 0xaa, 0x88,
    0xf0, 0x00, 0x00, 0x00, 0x03, 0x00, 0x01, 0xe0, 0x00, 0x00, 0x00, 0x01, 0xaa, 0x27, 0xc0, 0x00,
    0x00, 0x00, 0x00, 0xe0, 0x1f, 0x80, 0x00, 0x00, 0x00, 0x00, 0x3f, 0xfe, 0x00, 0x00, 0x00, 0x00,
    0x00, 0x03, 0xe0, 0x00, 0x00, 0x00,
  },
  { // Frame 43
    0x00, 0x00, 0x03, 0xe0, 0x00, 0x00, 0x00, 0x00, 0x00, 0x3f, 0xfe, 0x00, 0x00, 0x00, 0x00, 0x00,
    0xe0, 0x0f, 0x80, 0x00, 0x00, 0x00, 0x01, 0x80, 0x03, 0xc0, 0x00, 0x00, 0x00, 0x03, 0xa8, 0x0b,
    0xe0, 0x00, 0x00, 0x00, 0x07, 0x00, 0x01, 0xf0, 0x00, 0x00, 0x00, 0x06, 0xa0, 0x2a, 0xd0, 0x00,
    0x00, 0x00, 0x0d, 0x40, 0x05, 0x78, 0x00, 0x00, 0x00, 0x0e, 0xaa, 0xaa, 0xa8, 0x00, 0x00, 0x00,
    0x19, 0x51, 0x15, 0x3c, 0x00, 0x00, 0x00, 0x1a, 0xaa, 0xaa, 0xb4, 0x00, 0x00, 0x00, 0x1d, 0x55,
    0x54, 0x1c, 0x00, 0x00, 0x00, 0x1a, 0xae, 0xea, 0x94, 0x00, 0x00, 0x00, 0x19, 0x55, 0x50, 0x1c,
    0x00, 0x00, 0x00, 0x1a, 0xaa, 0xaa, 0x14, 0x00, 0x00, 0x00, 0x1c, 0x54, 0x40, 0x1c, 0x00, 0x00,
    0x00, 0x1a, 0xaa, 0xa8, 0x3c, 0x00, 0x00, 0x00, 0x0d, 0x10, 0x00, 0x28, 0x00, 0x00, 0x00, 0x0e,
    0xaa, 0x20, 0x78, 0x00, 0x00, 0x00, 0x07, 0x40, 0x00, 0x70, 0x00, 0x00, 0x00, 0x06, 0xaa, 0x88,
    0xf0, 0x00, 0x00, 0x00, 0x03, 0x00, 0x01, 0xe0, 0x00, 0x00, 0x00, 0x01, 0xaa, 0x23, 0xc0, 0x00,
    0x00, 0x00, 0x00, 0xe0, 0x0f, 0x80, 0x00, 0x00, 0x00, 0x00, 0x3f, 0xfe, 0x00, 0x00, 0x00, 0x00,
    0x00, 0x03, 0xe0, 0x00, 0x00, 0x00,
  },
  { // Frame 44
    0x00, 0x00, 0x03, 0xe0, 0x00, 0x00, 0x00, 0x00, 0x00, 0x3f, 0xfe, 0x00, 0x00, 0x00, 0x00, 0x00,
    0x70, 0x0f, 0x00, 0x00, 0x00, 0x00, 0x01, 0xc0, 0x03, 0xc0, 0x00, 0x00, 0x00, 0x03, 0xa8, 0x0b,
    0xe0, 0x00, 0x00, 0x00, 0x07, 0x00, 0x01, 0xf0, 0x00, 0x00, 0x00, 0x06, 0xa0, 0x2a, 0xf0, 0x00,
    0x00, 0x00, 0x0d, 0x40, 0x05, 0x78, 0x00, 0x00, 0x00, 0x0a, 0xaa, 0xaa, 0xb8, 0x00, 0x00, 0x00,
    0x0d, 0x50, 0x15, 0x38, 0x00, 0x00, 0x00, 0x1a, 0xaa, 0xaa, 0xbc, 0x00, 0x00, 0x00, 0x1d, 0x55,
    0x54, 0x1c, 0x00, 0x00, 0x00, 0x1a, 0xee, 0xea, 0x94, 0x00, 0x00, 0x00, 0x19, 0x55, 0x50, 0x1c,
    0x00, 0x00, 0x00, 0x1a, 0xaa, 0xaa, 0x14, 0x00, 0x00, 0x00, 0x1d, 0x54, 0x40, 0x1c, 0x00, 0x00,
    0x00, 0x0a, 0xaa, 0xa8, 0x38, 0x00, 0x00, 0x00, 0x0d, 0x10, 0x00, 0x38, 0x00, 0x00, 0x00, 0x0e,
    0xaa, 0x20, 0x38, 0x00, 0x00, 0x00, 0x07, 0x40, 0x00, 0x70, 0x00, 0x00, 0x00, 0x06, 0xaa, 0x80,
    0xf0, 0x00, 0x00, 0x00, 0x03, 0x00, 0x01, 0xe0, 0x00, 0x00, 0x00, 0x01, 0xea, 0x23, 0xc0, 0x00,
    0x00, 0x00, 0x00, 0x70, 0x0f, 0x00, 0x00, 0x00, 0x00, 0x00, 0x3f, 0xfe, 0x00, 0x00, 0x00, 0x00,
    0x00, 0x03, 0xe0, 0x00, 0x00, 0x00,
  },
  { // Frame 45
    0x00, 0x00, 0x03, 0xe0, 0x00, 0x00, 0x00, 0x00, 0x00, 0x1f, 0xfc, 0x00, 0x00, 0x00, 0x00, 0x00,
    0x70, 0x0f, 0x00, 0x00, 0x00, 0x00, 0x01, 0xc0, 0x03, 0xc0, 0x00, 0x00, 0x00, 0x03, 0x88, 0x0b,
    0xe0, 0x00, 0x00, 0x00, 0x03, 0x00, 0x01, 0xe0, 0x00, 0x00, 0x00, 0x06, 0xa0, 0x2a, 0xf0, 0x00,
    0x00, 0x00, 0x05, 0x40, 0x05, 0x70, 0x00, 0x00, 0x00, 0x0e, 0xaa, 0xaa, 0xb8, 0x00, 0x00, 0x00,
    0x0d, 0x50, 0x15, 0x18, 0x00, 0x00, 0x00, 0x0a, 0xaa, 0xaa, 0xb8, 0x00, 0x00, 0x00, 0x1d, 0x55,
    0x54, 0x1c, 0x00, 0x00, 0x00, 0x1a, 0xee, 0xea, 0x9c, 0x00, 0x00, 0x00, 0x19, 0x55, 0x50, 0x1c,
    0x00, 0x00, 0x00, 0x1a, 0xaa, 0xaa, 0x1c, 0x00, 0x00, 0x00, 0x0d, 0x54, 0x40, 0x18, 0x00, 0x00,
    0x00, 0x0a, 0xaa, 0xa8, 0x18, 0x00, 0x00, 0x00, 0x0d, 0x10, 0x00, 0x38, 0x00, 0x00, 0x00, 0x06,
    0xaa, 0x20, 0x30, 0x00, 0x00, 0x00, 0x07, 0x44, 0x00, 0x70, 0x00, 0x00, 0x00, 0x03, 0xaa, 0x80,
    0xe0, 0x00, 0x00, 0x00, 0x03, 0x80, 0x01, 0xe0, 0x00, 0x00, 0x00, 0x01, 0xea, 0xa3, 0xc0, 0x00,
    0x00, 0x00, 0x00, 0x70, 0x0f, 0x00, 0x00, 0x00, 0x00, 0x00, 0x1f, 0xfc, 0x00, 0x00, 0x00, 0x00,
    0x00, 0x03, 0xe0, 0x00, 0x00, 0x00,
  },
  { // Frame 46
    0x00, 0x00, 0x01, 0xc0, 0x00, 0x00, 0x00, 0x00, 0x00, 0x1f, 0xfc, 0x00, 0x00, 0x00, 0x00, 0x00,
    0x70, 0x0f, 0x00, 0x00, 0x00, 0x00, 0x00, 0xc0, 0x03, 0x80, 0x00, 0x00, 0x00, 0x01, 0x88, 0x0a,
    0xc0, 0x00, 0x00, 0x00, 0x03, 0x00, 0x01, 0x60, 0x00, 0x00, 0x00, 0x06, 0xa0, 0x2a, 0xf0, 0x00,
    0x00, 0x00, 0x05, 0x40, 0x05, 0x70, 0x00, 0x00, 0x00, 0x0e, 0xaa, 0xaa, 0xb8, 0x00, 0x00, 0x00,
    0x0d, 0x10, 0x15, 0x18, 0x00, 0x00, 0x00, 0x0b, 0xaa, 0xaa, 0xb8, 0x00, 0x00, 0x00, 0x0d, 0x55,
    0x54, 0x08, 0x00, 0x00, 0x00, 0x0a, 0xee, 0xea, 0x88, 0x00, 0x00, 0x00, 0x09, 0x55, 0x50, 0x08,
    0x00, 0x00, 0x00, 0x0a, 0xaa, 0xaa, 0x08, 0x00, 0x00, 0x00, 0x0d, 0x54, 0x40, 0x18, 0x00, 0x00,
    0x00, 0x0a, 0xaa, 0xa8, 0x18, 0x00, 0x00, 0x00, 0x0d, 0x10, 0x00, 0x18, 0x00, 0x00, 0x00, 0x06,
    0xaa, 0x20, 0x30, 0x00, 0x00, 0x00, 0x07, 0x44, 0x00, 0x70, 0x00, 0x00, 0x00, 0x03, 0xaa, 0x80,
    0x60, 0x00, 0x00, 0x00, 0x01, 0x80, 0x00, 0xc0, 0x00, 0x00, 0x00, 0x00, 0xea, 0x23, 0x80, 0x00,
    0x00, 0x00, 0x00, 0x70, 0x0f, 0x00, 0x00, 0x00, 0x00, 0x00, 0x1f, 0xfc, 0x00, 0x00, 0x00, 0x00,
    0x00, 0x01, 0xc0, 0x00, 0x00, 0x00,
  },
  { // Frame 47
    0x00, 0x00, 0x01, 0xc0, 0x00, 0x00, 0x00, 0x00, 0x00, 0x1f, 0xfc, 0x00, 0x00, 0x00, 0x00, 0x00,
    0x70, 0x07, 0x00, 0x00, 0x00, 0x00, 0x00, 0xc0, 0x01, 0x80, 0x00, 0x00, 0x00, 0x01, 0x88, 0x0a,
    0xc0, 0x00, 0x00, 0x00, 0x03, 0x00, 0x01, 0x60, 0x00, 0x00, 0x00, 0x02, 0xa0, 0x2a, 0xa0, 0x00,
    0x00, 0x00, 0x07, 0x40, 0x05, 0x70, 0x00, 0x00, 0x00, 0x06, 0xaa, 0xaa, 0xb0, 0x00, 0x00, 0x00,
    0x0d, 0x10, 0x15, 0x18, 0x00, 0x00, 0x00, 0x0b, 0xaa, 0xaa, 0xa8, 0x00, 0x00, 0x00, 0x0d, 0x55,
    0x54, 0x08, 0x00, 0x00, 0x00, 0x0a, 0xee, 0xea, 0x88, 0x00, 0x00, 0x00, 0x09, 0x55, 0x50, 0x08,
    0x00, 0x00, 0x00, 0x0a, 0xaa, 0xaa, 0x08, 0x00, 0x00, 0x00, 0x0d, 0x54, 0x40, 0x08, 0x00, 0x00,
    0x00, 0x0e, 0xaa, 0xa8, 0x18, 0x00, 0x00, 0x00, 0x05, 0x10, 0x00, 0x10, 0x00, 0x00, 0x00, 0x06,
    0xaa, 0x20, 0x30, 0x00, 0x00, 0x00, 0x03, 0x44, 0x00, 0x20, 0x00, 0x00, 0x00, 0x03, 0xaa, 0x80,
    0x60, 0x00, 0x00, 0x00, 0x01, 0x80, 0x00, 0xc0, 0x00, 0x00, 0x00, 0x00, 0xea, 0x21, 0x80, 0x00,
    0x00, 0x00, 0x00, 0x70, 0x07, 0x00, 0x00, 0x00, 0x00, 0x00, 0x1f, 0xfc, 0x00, 0x00, 0x00, 0x00,
    0x00, 0x01, 0xc0, 0x00, 0x00, 0x00,
  },
  { // Frame 48
    0x00, 0x00, 0x01, 0xc0, 0x00, 0x00, 0x00, 0x00, 0x00, 0x1f, 0xfc, 0x00, 0x00, 0x00, 0x00, 0x00,
    0x78, 0x07, 0x00, 0x00, 0x00, 0x00, 0x00, 0xe0, 0x01, 0x80, 0x00, 0x00, 0x00, 0x01, 0x80, 0x0a,
    0xc0, 0x00, 0x00, 0x00, 0x03, 0x00, 0x01, 0x60, 0x00, 0x00, 0x00, 0x07, 0xa0, 0x2a, 0xb0, 0x00,
    0x00, 0x00, 0x07, 0x40, 0x05, 0x50, 0x00, 0x00, 0x00, 0x0e, 0xaa, 0xaa, 0xb8, 0x00, 0x00, 0x00,
    0x0d, 0x00, 0x15, 0x08, 0x00, 0x00, 0x00, 0x0f, 0xaa, 0xaa, 0xa8, 0x00, 0x00, 0x00, 0x0d, 0x55,
    0x54, 0x08, 0x00, 0x00, 0x00, 0x0a, 0xee, 0xea, 0x88, 0x00, 0x00, 0x00, 0x09, 0x55, 0x50, 0x08,
    0x00, 0x00, 0x00, 0x0a, 0xaa, 0xaa, 0x08, 0x00, 0x00, 0x00, 0x0d, 0x55, 0x40, 0x08, 0x00, 0x00,
    0x00, 0x0e, 0xaa, 0xa8, 0x08, 0x00, 0x00, 0x00, 0x0d, 0x10, 0x00, 0x18, 0x00, 0x00, 0x00, 0x06,
    0xaa, 0x20, 0x10, 0x00, 0x00, 0x00, 0x07, 0x44, 0x00, 0x30, 0x00, 0x00, 0x00, 0x03, 0xaa, 0x80,
    0x60, 0x00, 0x00, 0x00, 0x01, 0x80, 0x00, 0xc0, 0x00, 0x00, 0x00, 0x00, 0xea, 0x21, 0x80, 0x00,
    0x00, 0x00, 0x00, 0x78, 0x07, 0x00, 0x00, 0x00, 0x00, 0x00, 0x1f, 0xfc, 0x00, 0x00, 0x00, 0x00,
    0x00, 0x01, 0xc0, 0x00, 0x00, 0x00,
  },
  { // Frame 49
    0x00, 0x00, 0x03, 0xe0, 0x00, 0x00, 0x00, 0x00, 0x00, 0x1f, 0xfc, 0x00, 0x00, 0x00, 0x00, 0x00,
    0x78, 0x07, 0x00, 0x00, 0x00, 0x00, 0x01, 0xe0, 0x01, 0xc0, 0x00, 0x00, 0x00, 0x03, 0xc0, 0x0a,
    0xe0, 0x00, 0x00, 0x00, 0x03, 0x80, 0x01, 0x60, 0x00, 0x00, 0x00, 0x07, 0xa0, 0x22, 0xb0, 0x00,
    0x00, 0x00, 0x07, 0x40, 0x05, 0x50, 0x00, 0x00, 0x00, 0x0e, 0xaa, 0xaa, 0xb8, 0x00, 0x00, 0x00,
    0x0d, 0x00, 0x15, 0x08, 0x00, 0x00, 0x00, 0x0f, 0xaa, 0xaa, 0xa8, 0x00, 0x00, 0x00, 0x1d, 0x55,
    0x54, 0x0c, 0x00, 0x00, 0x00, 0x1e, 0xea, 0xea, 0x8c, 0x00, 0x00, 0x00, 0x1d, 0x55, 0x50, 0x0c,
    0x00, 0x00, 0x00, 0x1e, 0xaa, 0xaa, 0x0c, 0x00, 0x00, 0x00, 0x0d, 0x55, 0x40, 0x08, 0x00, 0x00,
    0x00, 0x0e, 0xaa, 0xa8, 0x08, 0x00, 0x00, 0x00, 0x0f, 0x10, 0x00, 0x18, 0x00, 0x00, 0x00, 0x06,
    0xaa, 0x20, 0x10, 0x00, 0x00, 0x00, 0x07, 0x44, 0x00, 0x30, 0x00, 0x00, 0x00, 0x03, 0xaa, 0x80,
    0x60, 0x00, 0x00, 0x00, 0x03, 0xc0, 0x00, 0xe0, 0x00, 0x00, 0x00, 0x01, 0xea, 0x21, 0xc0, 0x00,
    0x00, 0x00, 0x00, 0x78, 0x07, 0x00, 0x00, 0x00, 0x00, 0x00, 0x1f, 0xfc, 0x00, 0x00, 0x00, 0x00,
    0x00, 0x03, 0xe0, 0x00, 0x00, 0x00,
  },
  { // Frame 50
    0x00, 0x00, 0x03, 0xe0, 0x00, 0x00, 0x00, 0x00, 0x00, 0x3f, 0xfe, 0x00, 0x00, 0x00, 0x00, 0x00,
    0x78, 0x07, 0x00, 0x00, 0x00, 0x00, 0x01, 0xe0, 0x01, 0xc0, 0x00, 0x00, 0x00, 0x03, 0xc0, 0x0a,
    0xe0, 0x00, 0x00, 0x00, 0x07, 0x80, 0x01, 0x70, 0x00, 0x00, 0x00, 0x07, 0xa0, 0x22, 0xb0, 0x00,
    0x00, 0x00, 0x0e, 0x00, 0x05, 0x58, 0x00, 0x00, 0x00, 0x0e, 0xa8, 0xaa, 0xa8, 0x00, 0x00, 0x00,
    0x0f, 0x00, 0x15, 0x08, 0x00, 0x00, 0x00, 0x1e, 0xaa, 0xaa, 0xac, 0x00, 0x00, 0x00, 0x1d, 0x55,
    0x55, 0x0c, 0x00, 0x00, 0x00, 0x16, 0xaa, 0xea, 0x8c, 0x00, 0x00, 0x00, 0x1d, 0x55, 0x50, 0x0c,
    0x00, 0x00, 0x00, 0x16, 0xba, 0xaa, 0x0c, 0x00, 0x00, 0x00, 0x1d, 0x55, 0x40, 0x0c, 0x00, 0x00,
    0x00, 0x0e, 0xaa, 0xa8, 0x08, 0x00, 0x00, 0x00, 0x0f, 0x50, 0x00, 0x08, 0x00, 0x00, 0x00, 0x0e,
    0xaa, 0x20, 0x18, 0x00, 0x00, 0x00, 0x07, 0x44, 0x00, 0x30, 0x00, 0x00, 0x00, 0x07, 0xaa, 0x80,
    0x30, 0x00, 0x00, 0x00, 0x03, 0xc0, 0x00, 0x60, 0x00, 0x00, 0x00, 0x01, 0xea, 0x21, 0xc0, 0x00,
    0x00, 0x00, 0x00, 0x78, 0x07, 0x00, 0x00, 0x00, 0x00, 0x00, 0x3f, 0xfe, 0x00, 0x00, 0x00, 0x00,
    0x00, 0x03, 0xe0, 0x00, 0x00, 0x00,
  },
  { // Frame 51
    0x00, 0x00, 0x03, 0xe0, 0x00, 0x00, 0x00, 0x00, 0x00, 0x3f, 0xfe, 0x00, 0x00, 0x00, 0x00, 0x00,
    0xf8, 0x03, 0x80, 0x00, 0x00, 0x00, 0x01, 0xe0, 0x00, 0xc0, 0x00, 0x00, 0x00, 0x03, 0xc0, 0x0a,
    0xe0, 0x00, 0x00, 0x00, 0x07, 0x80, 0x01, 0x70, 0x00, 0x00, 0x00, 0x05, 0x00, 0x22, 0xb0, 0x00,
    0x00, 0x00, 0x0f, 0x00, 0x05, 0x58, 0x00, 0x00, 0x00, 0x0a, 0xa8, 0xaa, 0xb8, 0x00, 0x00, 0x00,
    0x1f, 0x00, 0x15, 0x0c, 0x00, 0x00, 0x00, 0x16, 0xaa, 0xaa, 0xac, 0x00, 0x00, 0x00, 0x1d, 0x45,
    0x55, 0x0c, 0x00, 0x00, 0x00, 0x16, 0xaa, 0xaa, 0x8c, 0x00, 0x00, 0x00, 0x1d, 0x55, 0x50, 0x0c,
    0x00, 0x00, 0x00, 0x16, 0xaa, 0xaa, 0x0c, 0x00, 0x00, 0x00, 0x1d, 0x55, 0x40, 0x0c, 0x00, 0x00,
    0x00, 0x1e, 0xea, 0xa8, 0x0c, 0x00, 0x00, 0x00, 0x0b, 0x51, 0x00, 0x18, 0x00, 0x00, 0x00, 0x0f,
    0xaa, 0xa0, 0x18, 0x00, 0x00, 0x00, 0x07, 0x44, 0x00, 0x30, 0x00, 0x00, 0x00, 0x07, 0xaa, 0x80,
    0x30, 0x00, 0x00, 0x00, 0x03, 0xc0, 0x00, 0x60, 0x00, 0x00, 0x00, 0x01, 0xea, 0x00, 0xc0, 0x00,
    0x00, 0x00, 0x00, 0xf8, 0x03, 0x80, 0x00, 0x00, 0x00, 0x00, 0x3f, 0xfe, 0x00, 0x00, 0x00, 0x00,
    0x00, 0x03, 0xe0, 0x00, 0x00, 0x00,
  },
  { // Frame 52
    0x00, 0x00, 0x03, 0xe0, 0x00, 0x00, 0x00, 0x00, 0x00, 0x3f, 0xfe, 0x00, 0x00, 0x00, 0x00, 0x00,
    0xfc, 0x03, 0x80, 0x00, 0x00, 0x00, 0x01, 0xf0, 0x00, 0xc0, 0x00, 0x00, 0x00, 0x03, 0xc0, 0x0a,
    0xe0, 0x00, 0x00, 0x00, 0x07, 0x80, 0x01, 0x70, 0x00, 0x00, 0x00, 0x0d, 0x80, 0x22, 0xb8, 0x00,
    0x00, 0x00, 0x0b, 0x00, 0x05, 0x58, 0x00, 0x00, 0x00, 0x1a, 0xa8, 0xaa, 0xbc, 0x00, 0x00, 0x00,
    0x1b, 0x00, 0x15, 0x1c, 0x00, 0x00, 0x00, 0x16, 0xaa, 0xaa, 0xac, 0x00, 0x00, 0x00, 0x1d, 0x44,
    0x55, 0x0c, 0x00, 0x00, 0x00, 0x16, 0xaa, 0xaa, 0x8c, 0x00, 0x00, 0x00, 0x1d, 0x51, 0x50, 0x0c,
    0x00, 0x00, 0x00, 0x16, 0xaa, 0xaa, 0x0c, 0x00, 0x00, 0x00, 0x1f, 0x55, 0x40, 0x0c, 0x00, 0x00,
    0x00, 0x12, 0xea, 0xa8, 0x1c, 0x00, 0x00, 0x00, 0x1b, 0x51, 0x00, 0x1c, 0x00, 0x00, 0x00, 0x0b,
    0xaa, 0xa0, 0x18, 0x00, 0x00, 0x00, 0x0f, 0xc4, 0x00, 0x38, 0x00, 0x00, 0x00, 0x07, 0xaa, 0x80,
    0x30, 0x00, 0x00, 0x00, 0x03, 0xc0, 0x00, 0x60, 0x00, 0x00, 0x00, 0x01, 0xfa, 0x00, 0xc0, 0x00,
    0x00, 0x00, 0x00, 0xfc, 0x03, 0x80, 0x00, 0x00, 0x00, 0x00, 0x3f, 0xfe, 0x00, 0x00, 0x00, 0x00,
    0x00, 0x03, 0xe0, 0x00, 0x00, 0x00,
  },
  { // Frame 53
    0x00, 0x00, 0x07, 0xf0, 0x00, 0x00, 0x00, 0x00, 0x00, 0x3f, 0xfe, 0x00, 0x00, 0x00, 0x00, 0x00,
    0xfc, 0x03, 0x80, 0x00, 0x00, 0x00, 0x03, 0xf0, 0x01, 0xe0, 0x00, 0x00, 0x00, 0x07, 0x60, 0x0a,
    0xf0, 0x00, 0x00, 0x00, 0x07, 0xc0, 0x01, 0x70, 0x00, 0x00, 0x00, 0x0d, 0x80, 0x22, 0xb8, 0x00,
    0x00, 0x00, 0x0d, 0x00, 0x05, 0x78, 0x00, 0x00, 0x00, 0x1b, 0x80, 0xaa, 0xbc, 0x00, 0x00, 0x00,
    0x17, 0x00, 0x05, 0x1c, 0x00, 0x00, 0x00, 0x12, 0xaa, 0xaa, 0xbc, 0x00, 0x00, 0x00, 0x37, 0x44,
    0x55, 0x1e, 0x00, 0x00, 0x00, 0x36, 0xaa, 0xaa, 0x8e, 0x00, 0x00, 0x00, 0x37, 0x11, 0x50, 0x0e,
    0x00, 0x00, 0x00, 0x32, 0xaa, 0xaa, 0x1e, 0x00, 0x00, 0x00, 0x17, 0x55, 0x40, 0x1c, 0x00, 0x00,
    0x00, 0x12, 0xea, 0xa8, 0x1c, 0x00, 0x00, 0x00, 0x1f, 0x55, 0x00, 0x1c, 0x00, 0x00, 0x00, 0x09,
    0xaa, 0xa0, 0x38, 0x00, 0x00, 0x00, 0x0d, 0xd4, 0x00, 0x38, 0x00, 0x00, 0x00, 0x06, 0xea, 0x80,
    0x70, 0x00, 0x00, 0x00, 0x07, 0x60, 0x00, 0xf0, 0x00, 0x00, 0x00, 0x03, 0xba, 0x01, 0xe0, 0x00,
    0x00, 0x00, 0x00, 0xfc, 0x03, 0x80, 0x00, 0x00, 0x00, 0x00, 0x3f, 0xfe, 0x00, 0x00, 0x00, 0x00,
    0x00, 0x07, 0xf0, 0x00, 0x00, 0x00,
  },
  { // Frame 54
    0x00, 0x00, 0x07, 0x70, 0x00, 0x00, 0x00, 0x00, 0x00, 0x7f, 0xff, 0x00, 0x00, 0x00, 0x00, 0x01,
    0xfc, 0x03, 0xc0, 0x00, 0x00, 0x00, 0x03, 0xf0, 0x01, 0xe0, 0x00, 0x00, 0x00, 0x06, 0x60, 0x0a,
    0xf0, 0x00, 0x00, 0x00, 0x0d, 0xc0, 0x01, 0x78, 0x00, 0x00, 0x00, 0x0d, 0x80, 0x02, 0xb8, 0x00,
    0x00, 0x00, 0x1d, 0x00, 0x05, 0x7c, 0x00, 0x00, 0x00, 0x13, 0x80, 0xaa, 0xbc, 0x00, 0x00, 0x00,
    0x17, 0x00, 0x05, 0x1c, 0x00, 0x00, 0x00, 0x32, 0xaa, 0xaa, 0xbe, 0x00, 0x00, 0x00, 0x36, 0x04,
    0x55, 0x5e, 0x00, 0x00, 0x00, 0x22, 0xaa, 0xaa, 0x9e, 0x00, 0x00, 0x00, 0x37, 0x11, 0x50, 0x1e,
    0x00, 0x00, 0x00, 0x22, 0xaa, 0xaa, 0x1e, 0x00, 0x00, 0x00, 0x36, 0x55, 0x40, 0x1e, 0x00, 0x00,
    0x00, 0x13, 0xaa, 0xa8, 0x1c, 0x00, 0x00, 0x00, 0x17, 0x55, 0x00, 0x1c, 0x00, 0x00, 0x00, 0x19,
    0xaa, 0xa0, 0x3c, 0x00, 0x00, 0x00, 0x0d, 0xd4, 0x00, 0x38, 0x00, 0x00, 0x00, 0x0c, 0xea, 0x80,
    0x78, 0x00, 0x00, 0x00, 0x07, 0x70, 0x00, 0xf0, 0x00, 0x00, 0x00, 0x03, 0xba, 0x01, 0xe0, 0x00,
    0x00, 0x00, 0x01, 0xfc, 0x03, 0xc0, 0x00, 0x00, 0x00, 0x00, 0x7f, 0xff, 0x00, 0x00, 0x00, 0x00,
    0x00, 0x07, 0x70, 0x00, 0x00, 0x00,
  },
  { // Frame 55
    0x00, 0x00, 0x07, 0x70, 0x00, 0x00, 0x00, 0x00, 0x00, 0x7f, 0xff, 0x00, 0x00, 0x00, 0x00, 0x01,
    0xdc, 0x03, 0xc0, 0x00, 0x00, 0x00, 0x03, 0x70, 0x01, 0xe0, 0x00, 0x00, 0x00, 0x06, 0x60, 0x0a,
    0xf0, 0x00, 0x00, 0x00, 0x0d, 0xc0, 0x01, 0x78, 0x00, 0x00, 0x00, 0x08, 0x80, 0x02, 0xf8, 0x00,
    0x00, 0x00, 0x1d, 0x80, 0x05, 0x7c, 0x00, 0x00, 0x00, 0x11, 0x80, 0xaa, 0xbc, 0x00, 0x00, 0x00,
    0x37, 0x00, 0x05, 0x1e, 0x00, 0x00, 0x00, 0x22, 0x22, 0xaa, 0xbe, 0x00, 0x00, 0x00, 0x36, 0x00,
    0x55, 0x5e, 0x00, 0x00, 0x00, 0x22, 0xaa, 0xae, 0xbe, 0x00, 0x00, 0x00, 0x36, 0x01, 0x50, 0x1e,
    0x00, 0x00, 0x00, 0x22, 0xaa, 0xaa, 0x1e, 0x00, 0x00, 0x00, 0x36, 0x55, 0x40, 0x1e, 0x00, 0x00,
    0x00, 0x33, 0xae, 0xa8, 0x1e, 0x00, 0x00, 0x00, 0x15, 0x15, 0x00, 0x3c, 0x00, 0x00, 0x00, 0x19,
    0xaa, 0xa0, 0x3c, 0x00, 0x00, 0x00, 0x0d, 0xd4, 0x00, 0x78, 0x00, 0x00, 0x00, 0x0c, 0xea, 0x80,
    0x78, 0x00, 0x00, 0x00, 0x07, 0x70, 0x00, 0xf0, 0x00, 0x00, 0x00, 0x03, 0x3a, 0x01, 0xe0, 0x00,
    0x00, 0x00, 0x01, 0xdc, 0x03, 0xc0, 0x00, 0x00, 0x00, 0x00, 0x7f, 0xff, 0x00, 0x00, 0x00, 0x00,
    0x00, 0x07, 0x70, 0x00, 0x00, 0x00,
  },
  { // Frame 56
    0x00, 0x00, 0x07, 0x70, 0x00, 0x00, 0x00, 0x00, 0x00, 0x7f, 0xff, 0x00, 0x00, 0x00, 0x00, 0x01,
    0xce, 0x07, 0xc0, 0x00, 0x00, 0x00, 0x03, 0x78, 0x01, 0xe0, 0x00, 0x00, 0x00, 0x06, 0x60, 0x0a,
    0xf0, 0x00, 0x00, 0x00, 0x0d, 0xc0, 0x00, 0x78, 0x00, 0x00, 0x00, 0x18, 0xc0, 0x02, 0xfc, 0x00,
    0x00, 0x00, 0x15, 0x80, 0x05, 0x7c, 0x00, 0x00, 0x00, 0x31, 0x00, 0xaa, 0xfe, 0x00, 0x00, 0x00,
    0x35, 0x00, 0x01, 0x3e, 0x00, 0x00, 0x00, 0x23, 0x02, 0xaa, 0xbe, 0x00, 0x00, 0x00, 0x37, 0x00,
    0x55, 0x5e, 0x00, 0x00, 0x00, 0x22, 0x8a, 0xae, 0xbe, 0x00, 0x00, 0x00, 0x36, 0x01, 0x50, 0x1e,
    0x00, 0x00, 0x00, 0x23, 0x2a, 0xaa, 0x1e, 0x00, 0x00, 0x00, 0x37, 0x45, 0x40, 0x1e, 0x00, 0x00,
    0x00, 0x21, 0xaa, 0xa8, 0x3e, 0x00, 0x00, 0x00, 0x35, 0x15, 0x00, 0x3e, 0x00, 0x00, 0x00, 0x11,
    0xaa, 0xa0, 0x3c, 0x00, 0x00, 0x00, 0x1d, 0xd4, 0x00, 0x7c, 0x00, 0x00, 0x00, 0x0c, 0xea, 0x80,
    0x78, 0x00, 0x00, 0x00, 0x07, 0x70, 0x00, 0xf0, 0x00, 0x00, 0x00, 0x03, 0x3a, 0x01, 0xe0, 0x00,
    0x00, 0x00, 0x01, 0xde, 0x07, 0xc0, 0x00, 0x00, 0x00, 0x00, 0x7f, 0xff, 0x00, 0x00, 0x00, 0x00,
    0x00, 0x07, 0x70, 0x00, 0x00, 0x00,
  },
  { // Frame 57
    0x00, 0x00, 0x0f, 0x78, 0x00, 0x00, 0x00, 0x00, 0x00, 0x7f, 0xff, 0x00, 0x00, 0x00, 0x00, 0x01,
    0xce, 0x07, 0xc0, 0x00, 0x00, 0x00, 0x07, 0xb8, 0x03, 0xf0, 0x00, 0x00, 0x00, 0x0e, 0x30, 0x0b,
    0xf8, 0x00, 0x00, 0x00, 0x0e, 0xe0, 0x01, 0xf8, 0x00, 0x00, 0x00, 0x18, 0xc0, 0x02, 0xfc, 0x00,
    0x00, 0x00, 0x3a, 0x80, 0x05, 0x7e, 0x00, 0x00, 0x00, 0x31, 0x80, 0xaa, 0xfe, 0x00, 0x00, 0x00,
    0x2b, 0x00, 0x01, 0x3e, 0x00, 0x00, 0x00, 0x21, 0x02, 0x2b, 0xbe, 0x00, 0x00, 0x00, 0x6b, 0x00,
    0x45, 0x7f, 0x00, 0x00, 0x00, 0x63, 0x0a, 0xae, 0xbf, 0x00, 0x00, 0x00, 0x6b, 0x00, 0x10, 0x1f,
    0x00, 0x00, 0x00, 0x61, 0x2a, 0xaa, 0x3f, 0x00, 0x00, 0x00, 0x2b, 0x05, 0x50, 0x3e, 0x00, 0x00,
    0x00, 0x21, 0xaa, 0xa8, 0x3e, 0x00, 0x00, 0x00, 0x3b, 0x95, 0x00, 0x3e, 0x00, 0x00, 0x00, 0x30,
    0xaa, 0xa0, 0x7e, 0x00, 0x00, 0x00, 0x1a, 0xd4, 0x00, 0x7c, 0x00, 0x00, 0x00, 0x0c, 0x6a, 0x80,
    0xf8, 0x00, 0x00, 0x00, 0x0e, 0xb0, 0x01, 0xf8, 0x00, 0x00, 0x00, 0x07, 0x1a, 0x03, 0xf0, 0x00,
    0x00, 0x00, 0x01, 0xee, 0x07, 0xc0, 0x00, 0x00, 0x00, 0x00, 0x7f, 0xff, 0x00, 0x00, 0x00, 0x00,
    0x00, 0x0f, 0x78, 0x00, 0x00, 0x00,
  },
  { // Frame 58
    0x00, 0x00, 0x0e, 0x38, 0x00, 0x00, 0x00, 0x00, 0x00, 0xff, 0xff, 0x80, 0x00, 0x00, 0x00, 0x03,
    0xce, 0x07, 0xe0, 0x00, 0x00, 0x00, 0x07, 0xb8, 0x03, 0xf0, 0x00, 0x00, 0x00, 0x0c, 0x30, 0x0b,
    0xf8, 0x00, 0x00, 0x00, 0x1a, 0xe0, 0x01, 0xfc, 0x00, 0x00, 0x00, 0x18, 0xc0, 0x2a, 0xfc, 0x00,
    0x00, 0x00, 0x3a, 0x80, 0x05, 0x7e, 0x00, 0x00, 0x00, 0x21, 0x80, 0xaa, 0xfe, 0x00, 0x00, 0x00,
    0x2b, 0x80, 0x01, 0x7e, 0x00, 0x00, 0x00, 0x61, 0x00, 0x2b, 0xbf, 0x00, 0x00, 0x00, 0x6b, 0x00,
    0x05, 0x7f, 0x00, 0x00, 0x00, 0x41, 0x0a, 0xae, 0xbf, 0x00, 0x00, 0x00, 0x6b, 0x00, 0x14, 0x3f,
    0x00, 0x00, 0x00, 0x41, 0x22, 0xaa, 0x3f, 0x00, 0x00, 0x00, 0x6b, 0x05, 0x54, 0x3f, 0x00, 0x00,
    0x00, 0x21, 0xaa, 0xa8, 0x3e, 0x00, 0x00, 0x00, 0x2b, 0x95, 0x00, 0x3e, 0x00, 0x00, 0x00, 0x30,
    0xaa, 0xa0, 0x7e, 0x00, 0x00, 0x00, 0x1a, 0xd4, 0x00, 0x7c, 0x00, 0x00, 0x00, 0x18, 0x6a, 0x80,
    0xfc, 0x00, 0x00, 0x00, 0x0e, 0xb0, 0x01, 0xf8, 0x00, 0x00, 0x00, 0x07, 0x1a, 0x03, 0xf0, 0x00,
    0x00, 0x00, 0x03, 0xee, 0x07, 0xe0, 0x00, 0x00, 0x00, 0x00, 0xff, 0xff, 0x80, 0x00, 0x00, 0x00,
    0x00, 0x0e, 0x38, 0x00, 0x00, 0x00,
  },
  { // Frame 59
    0x00, 0x00, 0x0e, 0x38, 0x00, 0x00, 0x00, 0x00, 0x00, 0xff, 0xff, 0x80, 0x00, 0x00, 0x00, 0x03,
    0x8e, 0x07, 0xe0, 0x00, 0x00, 0x00, 0x06, 0xbc, 0x03, 0xf0, 0x00, 0x00, 0x00, 0x0c, 0x30, 0x0b,
    0xf8, 0x00, 0x00, 0x00, 0x1a, 0xe0, 0x01, 0xfc, 0x00, 0x00, 0x00, 0x30, 0x40, 0x2a, 0xfe, 0x00,
    0x00, 0x00, 0x3a, 0xc0, 0x05, 0x7e, 0x00, 0x00, 0x00, 0x20, 0x80, 0xaa, 0xfe, 0x00, 0x00, 0x00,
    0x6b, 0x80, 0x01, 0x7f, 0x00, 0x00, 0x00, 0x41, 0x00, 0x2b, 0xbf, 0x00, 0x00, 0x00, 0x6b, 0x00,
    0x05, 0x7f, 0x00, 0x00, 0x00, 0x41, 0x08, 0xae, 0xbf, 0x00, 0x00, 0x00, 0x6b, 0x00, 0x15, 0x3f,
    0x00, 0x00, 0x00, 0x41, 0x02, 0xba, 0xbf, 0x00, 0x00, 0x00, 0x6b, 0x00, 0x54, 0x3f, 0x00, 0x00,
    0x00, 0x61, 0xaa, 0xea, 0xbf, 0x00, 0x00, 0x00, 0x2a, 0x85, 0x00, 0x7e, 0x00, 0x00, 0x00, 0x30,
    0xea, 0xa0, 0x7e, 0x00, 0x00, 0x00, 0x3a, 0xd4, 0x00, 0xfe, 0x00, 0x00, 0x00, 0x18, 0x6a, 0x88,
    0xfc, 0x00, 0x00, 0x00, 0x0e, 0xb0, 0x01, 0xf8, 0x00, 0x00, 0x00, 0x06, 0x1e, 0x03, 0xf0, 0x00,
    0x00, 0x00, 0x03, 0xae, 0x07, 0xe0, 0x00, 0x00, 0x00, 0x00, 0xff, 0xff, 0x80, 0x00, 0x00, 0x00,
    0x00, 0x0e, 0x38, 0x00, 0x00, 0x00,
  },
  { // Frame 60
    0x00, 0x00, 0x0e, 0x38, 0x00, 0x00, 0x00, 0x00, 0x00, 0xff, 0xff, 0x80, 0x00, 0x00, 0x00, 0x03,
    0x87, 0x0f, 0xe0, 0x00, 0x00, 0x00, 0x06, 0xbc, 0x07, 0xf0, 0x00, 0x00, 0x00, 0x0c, 0x30, 0x0b,
    0xf8, 0x00, 0x00, 0x00, 0x1a, 0xa0, 0x01, 0xfc, 0x00, 0x00, 0x00, 0x30, 0x60, 0x2a, 0xfe, 0x00,
    0x00, 0x00, 0x2a, 0xc0, 0x05, 0x7e, 0x00, 0x00, 0x00, 0x60, 0x80, 0xaa, 0xff, 0x00, 0x00, 0x00,
    0x6a, 0x80, 0x01, 0x7f, 0x00, 0x00, 0x00, 0x41, 0x80, 0x2a, 0xbf, 0x00, 0x00, 0x00, 0x6b, 0x80,
    0x05, 0x7f, 0x00, 0x00, 0x00, 0x41, 0x00, 0xae, 0xbf, 0x00, 0x00, 0x00, 0x6b, 0x00, 0x15, 0x3f,
    0x00, 0x00, 0x00, 0x41, 0x82, 0xaa, 0xbf, 0x00, 0x00, 0x00, 0x6b, 0x80, 0x54, 0x3f, 0x00, 0x00,
    0x00, 0x40, 0x8a, 0xea, 0xff, 0x00, 0x00, 0x00, 0x6a, 0x81, 0x00, 0x7f, 0x00, 0x00, 0x00, 0x20,
    0xea, 0xa2, 0x7e, 0x00, 0x00, 0x00, 0x3a, 0xf5, 0x00, 0xfe, 0x00, 0x00, 0x00, 0x18, 0x2a, 0x89,
    0xfc, 0x00, 0x00, 0x00, 0x0e, 0xb0, 0x01, 0xf8, 0x00, 0x00, 0x00, 0x06, 0x1e, 0x03, 0xf0, 0x00,
    0x00, 0x00, 0x03, 0xaf, 0x0f, 0xe0, 0x00, 0x00, 0x00, 0x00, 0xff, 0xff, 0x80, 0x00, 0x00, 0x00,
    0x00, 0x0e, 0x38, 0x00, 0x00, 0x00,
  },
  { // Frame 61
    0x00, 0x00, 0x1c, 0x1c, 0x00, 0x00, 0x00, 0x00, 0x00, 0xff, 0xff, 0x80, 0x00, 0x00, 0x00, 0x03,
    0x87, 0x2f, 0xe0, 0x00, 0x00, 0x00, 0x0f, 0x5c, 0x07, 0xf8, 0x00, 0x00, 0x00, 0x1c, 0x18, 0x0b,
    0xfc, 0x00, 0x00, 0x00, 0x1d, 0x70, 0x01, 0xfc, 0x00, 0x00, 0x00, 0x30, 0x60, 0x2a, 0xfe, 0x00,
    0x00, 0x00, 0x75, 0x40, 0x05, 0xff, 0x00, 0x00, 0x00, 0x60, 0xc0, 0xaa, 0xff, 0x00, 0x00, 0x00,
    0x55, 0x80, 0x01, 0x7f, 0x00, 0x00, 0x00, 0x40, 0x80, 0x2a, 0xff, 0x00, 0x00, 0x00, 0xd5, 0x80,
    0x05, 0x7f, 0x80, 0x00, 0x00, 0xc0, 0x80, 0xaa, 0xff, 0x80, 0x00, 0x00, 0xd5, 0x80, 0x15, 0x7f,
    0x80, 0x00, 0x00, 0xc0, 0x80, 0xaa, 0xff, 0x80, 0x00, 0x00, 0x55, 0x80, 0x54, 0x7f, 0x00, 0x00,
    0x00, 0x40, 0x8a, 0xea, 0xff, 0x00, 0x00, 0x00, 0x75, 0xc1, 0x50, 0x7f, 0x00, 0x00, 0x00, 0x60,
    0x6b, 0xaa, 0xff, 0x00, 0x00, 0x00, 0x35, 0x65, 0x40, 0xfe, 0x00, 0x00, 0x00, 0x18, 0x3e, 0xa9,
    0xfc, 0x00, 0x00, 0x00, 0x1d, 0x58, 0x03, 0xfc, 0x00, 0x00, 0x00, 0x0e, 0x0e, 0x07, 0xf8, 0x00,
    0x00, 0x00, 0x03, 0xd7, 0x0f, 0xe0, 0x00, 0x00, 0x00, 0x00, 0xff, 0xff, 0x80, 0x00, 0x00, 0x00,
    0x00, 0x1c, 0x1c, 0x00, 0x00, 0x00,
  },
  { // Frame 62
    0x00, 0x00, 0x1c, 0x1c, 0x00, 0x00, 0x00, 0x00, 0x01, 0xff, 0xff, 0xc0, 0x00, 0x00, 0x00, 0x07,
    0x87, 0x2f, 0xf0, 0x00, 0x00, 0x00, 0x0f, 0x5c, 0x07, 0xf8, 0x00, 0x00, 0x00, 0x18, 0x18, 0xab,
    0xfc, 0x00, 0x00, 0x00, 0x35, 0x70, 0x01, 0xfe, 0x00, 0x00, 0x00, 0x20, 0x60, 0x2a, 0xfe, 0x00,
    0x00, 0x00, 0x75, 0x40, 0x05, 0xff, 0x00, 0x00, 0x00, 0x40, 0xc0, 0xaa, 0xff, 0x00, 0x00, 0x00,
    0x55, 0xc0, 0x01, 0x7f, 0x00, 0x00, 0x00, 0xc0, 0x80, 0x2a, 0xff, 0x80, 0x00, 0x00, 0xd5, 0x80,
    0x05, 0x7f, 0x80, 0x00, 0x00, 0x80, 0x80, 0xaa, 0xff, 0x80, 0x00, 0x00, 0xd5, 0x80, 0x15, 0x7f,
    0x80, 0x00, 0x00, 0x80, 0x80, 0xaa, 0xff, 0x80, 0x00, 0x00, 0xd5, 0x80, 0x54, 0x7f, 0x80, 0x00,
    0x00, 0x40, 0xca, 0xaa, 0xff, 0x00, 0x00, 0x00, 0x55, 0xc1, 0x50, 0x7f, 0x00, 0x00, 0x00, 0x60,
    0x6a, 0xaa, 0xff, 0x00, 0x00, 0x00, 0x35, 0x65, 0x40, 0xfe, 0x00, 0x00, 0x00, 0x30, 0x3e, 0xa9,
    0xfe, 0x00, 0x00, 0x00, 0x1d, 0x58, 0x03, 0xfc, 0x00, 0x00, 0x00, 0x0e, 0x0e, 0x27, 0xf8, 0x00,
    0x00, 0x00, 0x07, 0xd7, 0x0f, 0xf0, 0x00, 0x00, 0x00, 0x01, 0xff, 0xff, 0xc0, 0x00, 0x00, 0x00,
    0x00, 0x1c, 0x1c, 0x00, 0x00, 0x00,
  },
  { // Frame 63
    0x00, 0x00, 0x1c, 0x1c, 0x00, 0x00, 0x00, 0x00, 0x01, 0xff, 0xff, 0xc0, 0x00, 0x00, 0x00, 0x07,
    0x07, 0x2f, 0xf0, 0x00, 0x00, 0x00, 0x0d, 0x5e, 0x07, 0xf8, 0x00, 0x00, 0x00, 0x18, 0x1a, 0xaf,
    0xfc, 0x00, 0x00, 0x00, 0x35, 0x70, 0x01, 0xfe, 0x00, 0x00, 0x00, 0x60, 0x20, 0x2b, 0xff, 0x00,
    0x00, 0x00, 0x75, 0x60, 0x05, 0xff, 0x00, 0x00, 0x00, 0x40, 0x40, 0xaa, 0xff, 0x00, 0x00, 0x00,
    0xd5, 0xc0, 0x01, 0x7f, 0x80, 0x00, 0x00, 0x80, 0xc0, 0x2a, 0xff, 0x80, 0x00, 0x00, 0xd5, 0x80,
    0x05, 0x7f, 0x80, 0x00, 0x00, 0x80, 0x80, 0xaa, 0xff, 0x80, 0x00, 0x00, 0xd5, 0x80, 0x01, 0x7f,
    0x80, 0x00, 0x00, 0x80, 0x80, 0x2a, 0xff, 0x80, 0x00, 0x00, 0xd5, 0xc0, 0x55, 0x7f, 0x80, 0x00,
    0x00, 0xc0, 0xca, 0xaa, 0xff, 0x80, 0x00, 0x00, 0x55, 0x41, 0x51, 0xff, 0x00, 0x00, 0x00, 0x60,
    0x6a, 0xaa, 0xff, 0x00, 0x00, 0x00, 0x75, 0x65, 0x41, 0xff, 0x00, 0x00, 0x00, 0x30, 0x3e, 0xab,
    0xfe, 0x00, 0x00, 0x00, 0x1d, 0x59, 0x03, 0xfc, 0x00, 0x00, 0x00, 0x0c, 0x0e, 0xa7, 0xf8, 0x00,
    0x00, 0x00, 0x07, 0x57, 0x0f, 0xf0, 0x00, 0x00, 0x00, 0x01, 0xff, 0xff, 0xc0, 0x00, 0x00, 0x00,
    0x00, 0x1c, 0x1c, 0x00, 0x00, 0x00,
  },
  { // Frame 64
    0x00, 0x00, 0x1c, 0x1c, 0x00, 0x00, 0x00, 0x00, 0x01, 0xff, 0xff, 0xc0, 0x00, 0x00, 0x00, 0x07,
    0x03, 0xbf, 0xf0, 0x00, 0x00, 0x00, 0x0d, 0x5e, 0x57, 0xf8, 0x00, 0x00, 0x00, 0x18, 0x1a, 0xaf,
    0xfc, 0x00, 0x00, 0x00, 0x35, 0x50, 0x17, 0xfe, 0x00, 0x00, 0x00, 0x60, 0x32, 0x2b, 0xff, 0x00,
    0x00, 0x00, 0x55, 0x60, 0x05, 0xff, 0x00, 0x00, 0x00, 0xc0, 0x40, 0xaa, 0xff, 0x80, 0x00, 0x00,
    0xd5, 0x40, 0x01, 0xff, 0x80, 0x00, 0x00, 0x80, 0xc0, 0x2a, 0xff, 0x80, 0x00, 0x00, 0xd5, 0xc0,
    0x05, 0x7f, 0x80, 0x00, 0x00, 0x80, 0x80, 0xaa, 0xff, 0x80, 0x00, 0x00, 0xd5, 0x80, 0x01, 0x7f,
    0x80, 0x00, 0x00, 0x80, 0xc0, 0x2a, 0xff, 0x80, 0x00, 0x00, 0xd5, 0xc0, 0x45, 0x7f, 0x80, 0x00,
    0x00, 0x80, 0x4a, 0xae, 0xff, 0x80, 0x00, 0x00, 0xd5, 0x41, 0x15, 0xff, 0x80, 0x00, 0x00, 0x40,
    0x6a, 0xaa, 0xff, 0x00, 0x00, 0x00, 0x75, 0x75, 0x45, 0xff, 0x00, 0x00, 0x00, 0x30, 0x1e, 0xab,
    0xfe, 0x00, 0x00, 0x00, 0x1d, 0x5d, 0x03, 0xfc, 0x00, 0x00, 0x00, 0x0c, 0x0e, 0xa7, 0xf8, 0x00,
    0x00, 0x00, 0x07, 0x57, 0x9f, 0xf0, 0x00, 0x00, 0x00, 0x01, 0xff, 0xff, 0xc0, 0x00, 0x00, 0x00,
    0x00, 0x1c, 0x1c, 0x00, 0x00, 0x00,
  },
  { // Frame 65
    0x00, 0x00, 0x38, 0x0e, 0x00, 0x00, 0x00, 0x00, 0x03, 0xff, 0xff, 0xe0, 0x00, 0x00, 0x00, 0x07,
    0x03, 0xbf, 0xf0, 0x00, 0x00, 0x00, 0x1e, 0xae, 0x5f, 0xfc, 0x00, 0x00, 0x00, 0x38, 0x0e, 0xaf,
    0xfe, 0x00, 0x00, 0x00, 0x3a, 0xb8, 0x17, 0xfe, 0x00, 0x00, 0x00, 0x60, 0x32, 0xab, 0xff, 0x00,
    0x00, 0x00, 0xea, 0xa0, 0x05, 0xff, 0x80, 0x00, 0x00, 0xc0, 0x68, 0xaa, 0xff, 0x80, 0x00, 0x00,
    0xaa, 0xc0, 0x01, 0xff, 0x80, 0x00, 0x00, 0x80, 0x42, 0x2a, 0xff, 0x80, 0x00, 0x01, 0xaa, 0xc0,
    0x05, 0xff, 0xc0, 0x00, 0x01, 0x80, 0x48, 0xaa, 0xff, 0xc0, 0x00, 0x01, 0xaa, 0xc0, 0x01, 0xff,
    0xc0, 0x00, 0x01, 0x80, 0x40, 0x2a, 0xff, 0xc0, 0x00, 0x00, 0xaa, 0xc0, 0x45, 0xff, 0x80, 0x00,
    0x00, 0x80, 0x4a, 0xaa, 0xff, 0x80, 0x00, 0x00, 0xea, 0xe0, 0x15, 0xff, 0x80, 0x00, 0x00, 0xc0,
    0x2a, 0xab, 0xff, 0x80, 0x00, 0x00, 0x6a, 0xb5, 0x55, 0xff, 0x00, 0x00, 0x00, 0x30, 0x1a, 0xab,
    0xfe, 0x00, 0x00, 0x00, 0x3a, 0xad, 0x07, 0xfe, 0x00, 0x00, 0x00, 0x1c, 0x06, 0xaf, 0xfc, 0x00,
    0x00, 0x00, 0x07, 0xab, 0x9f, 0xf0, 0x00, 0x00, 0x00, 0x03, 0xff, 0xff, 0xe0, 0x00, 0x00, 0x00,
    0x00, 0x38, 0x0e, 0x00, 0x00, 0x00,
  },
  { // Frame 66
    0x00, 0x00, 0x38, 0x0e, 0x00, 0x00, 0x00, 0x00, 0x03, 0xff, 0xff, 0xe0, 0x00, 0x00, 0x00, 0x0e,
    0x03, 0xbf, 0xf8, 0x00, 0x00, 0x00, 0x1e, 0xaf, 0x5f, 0xfc, 0x00, 0x00, 0x00, 0x30, 0x0e, 0xaf,
    0xfe, 0x00, 0x00, 0x00, 0x6a, 0xb8, 0x17, 0xff, 0x00, 0x00, 0x00, 0x40, 0x3a, 0xab, 0xff, 0x00,
    0x00, 0x00, 0xea, 0xb0, 0x05, 0xff, 0x80, 0x00, 0x00, 0x80, 0x68, 0xaa, 0xff, 0x80, 0x00, 0x01,
    0xaa, 0xe0, 0x01, 0xff, 0xc0, 0x00, 0x01, 0x80, 0x62, 0x2a, 0xff, 0xc0, 0x00, 0x01, 0xaa, 0xc0,
    0x05, 0xff, 0xc0, 0x00, 0x01, 0x00, 0x48, 0xaa, 0xff, 0xc0, 0x00, 0x01, 0xaa, 0xc0, 0x01, 0xff,
    0xc0, 0x00, 0x01, 0x00, 0x40, 0x2a, 0xff, 0xc0, 0x00, 0x01, 0xaa, 0xc0, 0x05, 0xff, 0xc0, 0x00,
    0x01, 0x80, 0x6a, 0xaa, 0xff, 0xc0, 0x00, 0x00, 0xaa, 0xe0, 0x15, 0xff, 0x80, 0x00, 0x00, 0xc0,
    0x3a, 0xab, 0xff, 0x80, 0x00, 0x00, 0x6a, 0xb5, 0x55, 0xff, 0x00, 0x00, 0x00, 0x60, 0x1a, 0xab,
    0xff, 0x00, 0x00, 0x00, 0x3a, 0xad, 0x17, 0xfe, 0x00, 0x00, 0x00, 0x1c, 0x06, 0xaf, 0xfc, 0x00,
    0x00, 0x00, 0x0e, 0xab, 0xdf, 0xf8, 0x00, 0x00, 0x00, 0x03, 0xff, 0xff, 0xe0, 0x00, 0x00, 0x00,
    0x00, 0x38, 0x0e, 0x00, 0x00, 0x00,
  },
  { // Frame 67
    0x00, 0x00, 0x38, 0x0e, 0x00, 0x00, 0x00, 0x00, 0x03, 0xff, 0xff, 0xe0, 0x00, 0x00, 0x00, 0x0e,
    0x03, 0xbf, 0xf8, 0x00, 0x00, 0x00, 0x1a, 0xaf, 0x5f, 0xfc, 0x00, 0x00, 0x00, 0x30, 0x0e, 0xaf,
    0xfe, 0x00, 0x00, 0x00, 0x6a, 0xb8, 0x17, 0xff, 0x00, 0x00, 0x00, 0xc0, 0x1a, 0xab, 0xff, 0x80,
    0x00, 0x00, 0xea, 0xb0, 0x05, 0xff, 0x80, 0x00, 0x00, 0x80, 0x28, 0xab, 0xff, 0x80, 0x00, 0x01,
    0xaa, 0xe0, 0x01, 0xff, 0xc0, 0x00, 0x01, 0x00, 0x62, 0x2a, 0xff, 0xc0, 0x00, 0x01, 0xaa, 0xc0,
    0x05, 0xff, 0xc0, 0x00, 0x01, 0x00, 0x4a, 0xaa, 0xff, 0xc0, 0x00, 0x01, 0xaa, 0xc0, 0x01, 0xff,
    0xc0, 0x00, 0x01, 0x00, 0x42, 0x2a, 0xff, 0xc0, 0x00, 0x01, 0xaa, 0xe0, 0x05, 0xff, 0xc0, 0x00,
    0x01, 0x80, 0x68, 0xaa, 0xff, 0xc0, 0x00, 0x00, 0xaa, 0xa0, 0x15, 0xff, 0x80, 0x00, 0x00, 0xc0,
    0x3a, 0xab, 0xff, 0x80, 0x00, 0x00, 0xea, 0xb5, 0x57, 0xff, 0x80, 0x00, 0x00, 0x60, 0x1a, 0xab,
    0xff, 0x00, 0x00, 0x00, 0x3a, 0xad, 0x17, 0xfe, 0x00, 0x00, 0x00, 0x18, 0x07, 0xaf, 0xfc, 0x00,
    0x00, 0x00, 0x0e, 0xab, 0xdf, 0xf8, 0x00, 0x00, 0x00, 0x03, 0xff, 0xff, 0xe0, 0x00, 0x00, 0x00,
    0x00, 0x38, 0x0e, 0x00, 0x00, 0x00,
  },
  { // Frame 68
    0x00, 0x00, 0x38, 0x0e, 0x00, 0x00, 0x00, 0x00, 0x03, 0xff, 0xff, 0xe0, 0x00, 0x00, 0x00, 0x0e,
    0x01, 0xff, 0xf8, 0x00, 0x00, 0x00, 0x1a, 0xaf, 0x5f, 0xfc, 0x00, 0x00, 0x00, 0x30, 0x0e, 0xaf,
    0xfe, 0x00, 0x00, 0x00, 0x6a, 0xa8, 0x17, 0xff, 0x00, 0x00, 0x00, 0xc0, 0x1a, 0xab, 0xff, 0x80,
    0x00, 0x00, 0xaa, 0xb0, 0x05, 0xff, 0x80, 0x00, 0x01, 0x80, 0x3a, 0xab, 0xff, 0xc0, 0x00, 0x01,
    0xaa, 0xa0, 0x01, 0xff, 0xc0, 0x00, 0x01, 0x00, 0x62, 0x22, 0xff, 0xc0, 0x00, 0x01, 0xaa, 0xe0,
    0x00, 0xff, 0xc0, 0x00, 0x01, 0x00, 0x48, 0x8a, 0xff, 0xc0, 0x00, 0x01, 0xaa, 0xc0, 0x01, 0xff,
    0xc0, 0x00, 0x01, 0x00, 0x60, 0x2a, 0xff, 0xc0, 0x00, 0x01, 0xaa, 0xe0, 0x05, 0xff, 0xc0, 0x00,
    0x01, 0x00, 0x28, 0xab, 0xff, 0xc0, 0x00, 0x01, 0xaa, 0xb0, 0x15, 0xff, 0xc0, 0x00, 0x00, 0x80,
    0x3a, 0xab, 0xff, 0x80, 0x00, 0x00, 0xea, 0xbd, 0x57, 0xff, 0x80, 0x00, 0x00, 0x60, 0x0a, 0xaf,
    0xff, 0x00, 0x00, 0x00, 0x3a, 0xaf, 0x17, 0xfe, 0x00, 0x00, 0x00, 0x18, 0x07, 0xaf, 0xfc, 0x00,
    0x00, 0x00, 0x0e, 0xab, 0xff, 0xf8, 0x00, 0x00, 0x00, 0x03, 0xff, 0xff, 0xe0, 0x00, 0x00, 0x00,
    0x00, 0x38, 0x0e, 0x00, 0x00, 0x00,
  },
  { // Frame 69
    0x00, 0x00, 0x70, 0x07, 0x00, 0x00, 0x00, 0x00, 0x07, 0xff, 0x7f, 0xf0, 0x00, 0x00, 0x00, 0x0e,
    0x01, 0xff, 0xf8, 0x00, 0x00, 0x00, 0x3d, 0x57, 0x5f, 0xfe, 0x00, 0x00, 0x00, 0x70, 0x06, 0xaf,
    0xff, 0x00, 0x00, 0x00, 0x75, 0x5c, 0x17, 0xff, 0x00, 0x00, 0x00, 0xc0, 0x1a, 0xab, 0xff, 0x80,
    0x00, 0x01, 0xd5, 0x50, 0x07, 0xff, 0xc0, 0x00, 0x01, 0x80, 0x3a, 0x8b, 0xff, 0xc0, 0x00, 0x01,
    0x55, 0x60, 0x01, 0xff, 0xc0, 0x00, 0x01, 0x00, 0x22, 0x03, 0xff, 0xc0, 0x00, 0x03, 0x55, 0x60,
    0x01, 0xff, 0xe0, 0x00, 0x02, 0x00, 0x28, 0x8b, 0xff, 0xe0, 0x00, 0x03, 0x55, 0x60, 0x01, 0xff,
    0xe0, 0x00, 0x03, 0x00, 0x20, 0x2b, 0xff, 0xe0, 0x00, 0x01, 0x55, 0x60, 0x05, 0xff, 0xc0, 0x00,
    0x01, 0x00, 0x28, 0xab, 0xff, 0xc0, 0x00, 0x01, 0xd5, 0x70, 0x15, 0xff, 0xc0, 0x00, 0x01, 0x80,
    0x1a, 0xab, 0xff, 0xc0, 0x00, 0x00, 0xd5, 0x5d, 0x57, 0xff, 0x80, 0x00, 0x00, 0x60, 0x0e, 0xaf,
    0xff, 0x00, 0x00, 0x00, 0x75, 0x57, 0x1f, 0xff, 0x00, 0x00, 0x00, 0x38, 0x03, 0xbf, 0xfe, 0x00,
    0x00, 0x00, 0x0f, 0x55, 0xff, 0xf8, 0x00, 0x00, 0x00, 0x07, 0xff, 0x7f, 0xf0, 0x00, 0x00, 0x00,
    0x00, 0x70, 0x07, 0x00, 0x00, 0x00,
  },
  { // Frame 70
    0x00, 0x00, 0x70, 0x07, 0x00, 0x00, 0x00, 0x00, 0x07, 0xff, 0x7f, 0xf0, 0x00, 0x00, 0x00, 0x1c,
    0x01, 0xff, 0xfc, 0x00, 0x00, 0x00, 0x3d, 0x57, 0x5f, 0xfe, 0x00, 0x00, 0x00, 0x60, 0x06, 0xaf,
    0xff, 0x00, 0x00, 0x00, 0xd5, 0x5c, 0x07, 0xff, 0x80, 0x00, 0x00, 0x80, 0x1a, 0xab, 0xff, 0x80,
    0x00, 0x01, 0xd5, 0x58, 0x03, 0xff, 0xc0, 0x00, 0x01, 0x00, 0x1a, 0x8b, 0xff, 0xc0, 0x00, 0x03,
    0x55, 0x70, 0x01, 0xff, 0xe0, 0x00, 0x03, 0x00, 0x22, 0x03, 0xff, 0xe0, 0x00, 0x03, 0x55, 0x60,
    0x01, 0xff, 0xe0, 0x00, 0x02, 0x00, 0x28, 0x0b, 0xff, 0xe0, 0x00, 0x03, 0x55, 0x60, 0x01, 0xff,
    0xe0, 0x00, 0x02, 0x00, 0x20, 0x2b, 0xff, 0xe0, 0x00, 0x03, 0x55, 0x60, 0x05, 0xff, 0xe0, 0x00,
    0x03, 0x00, 0x3a, 0xab, 0xff, 0xe0, 0x00, 0x01, 0x55, 0x50, 0x17, 0xff, 0xc0, 0x00, 0x01, 0x80,
    0x1a, 0xab, 0xff, 0xc0, 0x00, 0x00, 0xd5, 0x5d, 0x57, 0xff, 0x80, 0x00, 0x00, 0xc0, 0x0e, 0xaf,
    0xff, 0x80, 0x00, 0x00, 0x75, 0x57, 0x0f, 0xff, 0x00, 0x00, 0x00, 0x38, 0x03, 0xbf, 0xfe, 0x00,
    0x00, 0x00, 0x1d, 0x55, 0xff, 0xfc, 0x00, 0x00, 0x00, 0x07, 0xff, 0x7f, 0xf0, 0x00, 0x00, 0x00,
    0x00, 0x70, 0x07, 0x00, 0x00, 0x00,
  },
  { // Frame 71
    0x00, 0x00, 0x70, 0x07, 0x00, 0x00, 0x00, 0x00, 0x07, 0xff, 0x7f, 0xf0, 0x00, 0x00, 0x00, 0x1c,
    0x01, 0xff, 0xfc, 0x00, 0x00, 0x00, 0x35, 0x57, 0xdf, 0xfe, 0x00, 0x00, 0x00, 0x60, 0x06, 0xaf,
    0xff, 0x00, 0x00, 0x00, 0xd5, 0x5c, 0x07, 0xff, 0x80, 0x00, 0x01, 0x80, 0x0a, 0xa7, 0xff, 0xc0,
    0x00, 0x01, 0xd5, 0x58, 0x03, 0xff, 0xc0, 0x00, 0x01, 0x00, 0x18, 0x8b, 0xff, 0xc0, 0x00, 0x03,
    0x55, 0x70, 0x01, 0xff, 0xe0, 0x00, 0x02, 0x00, 0x32, 0x03, 0xff, 0xe0, 0x00, 0x03, 0x55, 0x60,
    0x01, 0xff, 0xe0, 0x00, 0x02, 0x00, 0x28, 0x0b, 0xff, 0xe0, 0x00, 0x03, 0x55, 0x60, 0x01, 0xff,
    0xe0, 0x00, 0x02, 0x00, 0x20, 0x23, 0xff, 0xe0, 0x00, 0x03, 0x55, 0x70, 0x05, 0xff, 0xe0, 0x00,
    0x03, 0x00, 0x3a, 0xab, 0xff, 0xe0, 0x00, 0x01, 0x55, 0x51, 0x17, 0xff, 0xc0, 0x00, 0x01, 0x80,
    0x1a, 0xab, 0xff, 0xc0, 0x00, 0x01, 0xd5, 0x5d, 0x57, 0xff, 0xc0, 0x00, 0x00, 0xc0, 0x0e, 0xaf,
    0xff, 0x80, 0x00, 0x00, 0x75, 0x57, 0x0f, 0xff, 0x00, 0x00, 0x00, 0x30, 0x03, 0xbf, 0xfe, 0x00,
    0x00, 0x00, 0x1d, 0x55, 0xff, 0xfc, 0x00, 0x00, 0x00, 0x07, 0xff, 0x7f, 0xf0, 0x00, 0x00, 0x00,
    0x00, 0x70, 0x07, 0x00, 0x00, 0x00,
  },
  { // Frame 72
    0x00, 0x00, 0x70, 0x07, 0x00, 0x00, 0x00, 0x00, 0x07, 0xff, 0x7f, 0xf0, 0x00, 0x00, 0x00, 0x1c,
    0x03, 0xff, 0xfc, 0x00, 0x00, 0x00, 0x35, 0x57, 0x9f, 0xfe, 0x00, 0x00, 0x00, 0x60, 0x07, 0xaf,
    0xff, 0x00, 0x00, 0x00, 0xd5, 0x56, 0x0f, 0xff, 0x80, 0x00, 0x01, 0x80, 0x0e, 0x07, 0xff, 0xc0,
    0x00, 0x01, 0x55, 0x58, 0x03, 0xff, 0xc0, 0x00, 0x03, 0x00, 0x18, 0x03, 0xff, 0xe0, 0x00, 0x03,
    0x55, 0x50, 0x03, 0xff, 0xe0, 0x00, 0x02, 0x00, 0x30, 0x03, 0xff, 0xe0, 0x00, 0x03, 0x55, 0x70,
    0x01, 0xff, 0xe0, 0x00, 0x02, 0x00, 0x28, 0x0b, 0xff, 0xe0, 0x00, 0x03, 0x55, 0x60, 0x01, 0xff,
    0xe0, 0x00, 0x02, 0x00, 0x32, 0x23, 0xff, 0xe0, 0x00, 0x03, 0x55, 0x70, 0x05, 0xff, 0xe0, 0x00,
    0x02, 0x00, 0x1a, 0xab, 0xff, 0xe0, 0x00, 0x03, 0x55, 0x59, 0x17, 0xff, 0xe0, 0x00, 0x01, 0x00,
    0x1a, 0xab, 0xff, 0xc0, 0x00, 0x01, 0xd5, 0x5d, 0x57, 0xff, 0xc0, 0x00, 0x00, 0xc0, 0x06, 0xaf,
    0xff, 0x80, 0x00, 0x00, 0x75, 0x57, 0x0f, 0xff, 0x00, 0x00, 0x00, 0x30, 0x03, 0xbf, 0xfe, 0x00,
    0x00, 0x00, 0x1d, 0x57, 0xff, 0xfc, 0x00, 0x00, 0x00, 0x07, 0xff, 0x7f, 0xf0, 0x00, 0x00, 0x00,
    0x00, 0x70, 0x07, 0x00, 0x00, 0x00,
  },
  { // Frame 73
    0x00, 0x00, 0xe0, 0x03, 0x80, 0x00, 0x00, 0x00, 0x0f, 0xfe, 0x3f, 0xf8, 0x00, 0x00, 0x00, 0x1c,
    0x03, 0xff, 0xfc, 0x00, 0x00, 0x00, 0x7a, 0xab, 0xbf, 0xff, 0x00, 0x00, 0x00, 0xe0, 0x03, 0x9f,
    0xff, 0x80, 0x00, 0x00, 0xaa, 0xae, 0x0f, 0xff, 0x80, 0x00, 0x01, 0x80, 0x0e, 0x07, 0xff, 0xc0,
    0x00, 0x03, 0xaa, 0xa8, 0x07, 0xff, 0xe0, 0x00, 0x03, 0x00, 0x18, 0x03, 0xff, 0xe0, 0x00, 0x02,
    0xaa, 0xb0, 0x03, 0xff, 0xe0, 0x00, 0x06, 0x00, 0x10, 0x03, 0xff, 0xf0, 0x00, 0x06, 0xaa, 0xb0,
    0x03, 0xff, 0xf0, 0x00, 0x04, 0x00, 0x18, 0x8b, 0xff, 0xf0, 0x00, 0x06, 0xaa, 0xb0, 0x03, 0xff,
    0xf0, 0x00, 0x06, 0x00, 0x1a, 0x23, 0xff, 0xf0, 0x00, 0x06, 0xaa, 0xb0, 0x07, 0xff, 0xf0, 0x00,
    0x02, 0x00, 0x1a, 0xab, 0xff, 0xe0, 0x00, 0x03, 0xaa, 0xb9, 0x17, 0xff, 0xe0, 0x00, 0x03, 0x00,
    0x0a, 0xaf, 0xff, 0xe0, 0x00, 0x01, 0xaa, 0xad, 0x57, 0xff, 0xc0, 0x00, 0x00, 0x80, 0x06, 0xaf,
    0xff, 0x80, 0x00, 0x00, 0xea, 0xab, 0x1f, 0xff, 0x80, 0x00, 0x00, 0x70, 0x01, 0xbf, 0xff, 0x00,
    0x00, 0x00, 0x1e, 0xab, 0xff, 0xfc, 0x00, 0x00, 0x00, 0x0f, 0xfe, 0x3f, 0xf8, 0x00, 0x00, 0x00,
    0x00, 0xe0, 0x03, 0x80, 0x00, 0x00,
  },
  { // Frame 74
    0x00, 0x00, 0xe0, 0x03, 0x80, 0x00, 0x00, 0x00, 0x0f, 0xfe, 0x3f, 0xf8, 0x00, 0x00, 0x00, 0x38,
    0x03, 0xff, 0xfe, 0x00, 0x00, 0x00, 0x7a, 0xab, 0xbf, 0xff, 0x00, 0x00, 0x00, 0xc0, 0x03, 0x1f,
    0xff, 0x80, 0x00, 0x01, 0xaa, 0xae, 0x0f, 0xff, 0xc0, 0x00, 0x01, 0x00, 0x0e, 0x07, 0xff, 0xc0,
    0x00, 0x03, 0xaa, 0xac, 0x07, 0xff, 0xe0, 0x00, 0x02, 0x00, 0x08, 0x07, 0xff, 0xe0, 0x00, 0x06,
    0xaa, 0xb8, 0x03, 0xff, 0xf0, 0x00, 0x06, 0x00, 0x18, 0x03, 0xff, 0xf0, 0x00, 0x06, 0xaa, 0xb0,
    0x03, 0xff, 0xf0, 0x00, 0x04, 0x00, 0x18, 0x8b, 0xff, 0xf0, 0x00, 0x06, 0xaa, 0xb0, 0x03, 0xff,
    0xf0, 0x00, 0x04, 0x00, 0x1a, 0xa3, 0xff, 0xf0, 0x00, 0x06, 0xaa, 0xb4, 0x47, 0xff, 0xf0, 0x00,
    0x06, 0x00, 0x1a, 0xab, 0xff, 0xf0, 0x00, 0x02, 0xaa, 0xad, 0x57, 0xff, 0xe0, 0x00, 0x03, 0x00,
    0x0f, 0xaf, 0xff, 0xe0, 0x00, 0x01, 0xaa, 0xad, 0x47, 0xff, 0xc0, 0x00, 0x01, 0x80, 0x06, 0xaf,
    0xff, 0xc0, 0x00, 0x00, 0xea, 0xab, 0x1f, 0xff, 0x80, 0x00, 0x00, 0x70, 0x01, 0xbf, 0xff, 0x00,
    0x00, 0x00, 0x3a, 0xab, 0xff, 0xfe, 0x00, 0x00, 0x00, 0x0f, 0xfe, 0x3f, 0xf8, 0x00, 0x00, 0x00,
    0x00, 0xe0, 0x03, 0x80, 0x00, 0x00,
  },
  { // Frame 75
    0x00, 0x00, 0xe0, 0x03, 0x80, 0x00, 0x00, 0x00, 0x0f, 0xfe, 0x3f, 0xf8, 0x00, 0x00, 0x00, 0x38,
    0x03, 0xff, 0xfe, 0x00, 0x00, 0x00, 0x6a, 0xab, 0xff, 0xff, 0x00, 0x00, 0x00, 0xc0, 0x03, 0x1f,
    0xff, 0x80, 0x00, 0x01, 0xaa, 0xae, 0x0f, 0xff, 0xc0, 0x00, 0x03, 0x00, 0x04, 0x0f, 0xff, 0xe0,
    0x00, 0x03, 0xaa, 0xac, 0x07, 0xff, 0xe0, 0x00, 0x06, 0x00, 0x08, 0x07, 0xff, 0xf0, 0x00, 0x06,
    0xaa, 0xb8, 0x03, 0xff, 0xf0, 0x00, 0x04, 0x00, 0x1a, 0x03, 0xff, 0xf0, 0x00, 0x06, 0xaa, 0xb0,
    0x03, 0xff, 0xf0, 0x00, 0x04, 0x00, 0x1a, 0x8b, 0xff, 0xf0, 0x00, 0x06, 0xaa, 0xb0, 0x03, 0xff,
    0xf0, 0x00, 0x04, 0x00, 0x1a, 0xab, 0xff, 0xf0, 0x00, 0x06, 0xaa, 0xbc, 0x47, 0xff, 0xf0, 0x00,
    0x06, 0x00, 0x1a, 0xab, 0xff, 0xf0, 0x00, 0x06, 0xaa, 0xad, 0x57, 0xff, 0xf0, 0x00, 0x03, 0x00,
    0x0e, 0xaf, 0xff, 0xe0, 0x00, 0x03, 0xaa, 0xad, 0x4f, 0xff, 0xe0, 0x00, 0x01, 0x80, 0x06, 0xaf,
    0xff, 0xc0, 0x00, 0x00, 0xea, 0xab, 0x1f, 0xff, 0x80, 0x00, 0x00, 0x60, 0x01, 0xff, 0xff, 0x00,
    0x00, 0x00, 0x3a, 0xab, 0xff, 0xfe, 0x00, 0x00, 0x00, 0x0f, 0xfe, 0x3f, 0xf8, 0x00, 0x00, 0x00,
    0x00, 0xe0, 0x03, 0x80, 0x00, 0x00,
  },
  { // Frame 76
    0x00, 0x00, 0xe0, 0x03, 0x80, 0x00, 0x00, 0x00, 0x0f, 0xfe, 0x3f, 0xf8, 0x00, 0x00, 0x00, 0x38,
    0x07, 0x7f, 0xfe, 0x00, 0x00, 0x00, 0x6a, 0xab, 0xff, 0xff, 0x00, 0x00, 0x00, 0xc0, 0x03, 0x9f,
    0xff, 0x80, 0x00, 0x01, 0xaa, 0xab, 0x1f, 0xff, 0xc0, 0x00, 0x03, 0x00, 0x06, 0x0f, 0xff, 0xe0,
    0x00, 0x02, 0xaa, 0xac, 0x07, 0xff, 0xe0, 0x00, 0x06, 0x00, 0x0c, 0x07, 0xff, 0xf0, 0x00, 0x06,
    0xaa, 0xa8, 0x07, 0xff, 0xf0, 0x00, 0x04, 0x00, 0x0a, 0x07, 0xff, 0xf0, 0x00, 0x06, 0xaa, 0xb8,
    0x03, 0xff, 0xf0, 0x00, 0x04, 0x00, 0x1a, 0x8b, 0xff, 0xf0, 0x00, 0x06, 0xaa, 0xb0, 0x03, 0xff,
    0xf0, 0x00, 0x04, 0x00, 0x1a, 0xab, 0xff, 0xf0, 0x00, 0x06, 0xaa, 0xad, 0x57, 0xff, 0xf0, 0x00,
    0x04, 0x00, 0x0e, 0xef, 0xff, 0xf0, 0x00, 0x06, 0xaa, 0xad, 0x57, 0xff, 0xf0, 0x00, 0x02, 0x00,
    0x0e, 0xaf, 0xff, 0xe0, 0x00, 0x03, 0xaa, 0xae, 0x0f, 0xff, 0xe0, 0x00, 0x01, 0x80, 0x03, 0x9f,
    0xff, 0xc0, 0x00, 0x00, 0xea, 0xab, 0x9f, 0xff, 0x80, 0x00, 0x00, 0x60, 0x01, 0xff, 0xff, 0x00,
    0x00, 0x00, 0x3a, 0xaf, 0x7f, 0xfe, 0x00, 0x00, 0x00, 0x0f, 0xfe, 0x3f, 0xf8, 0x00, 0x00, 0x00,
    0x00, 0xe0, 0x03, 0x80, 0x00, 0x00,
  },
  { // Frame 77
    0x00, 0x01, 0xc0, 0x01, 0xc0, 0x00, 0x00, 0x00, 0x1f, 0xfc, 0x1f, 0xfc, 0x00, 0x00, 0x00, 0x38,
    0x07, 0x7f, 0xfe, 0x00, 0x00, 0x00, 0xf5, 0x55, 0xff, 0xff, 0x80, 0x00, 0x01, 0x80, 0x01, 0xbf,
    0xff, 0xc0, 0x00, 0x01, 0x55, 0x57, 0x1f, 0xff, 0xc0, 0x00, 0x03, 0x00, 0x06, 0x0f, 0xff, 0xe0,
    0x00, 0x07, 0x55, 0x54, 0x0f, 0xff, 0xf0, 0x00, 0x04, 0x00, 0x0c, 0x07, 0xff, 0xf0, 0x00, 0x05,
    0x55, 0x58, 0x07, 0xff, 0xf0, 0x00, 0x0c, 0x00, 0x0a, 0x07, 0xff, 0xf8, 0x00, 0x0d, 0x55, 0x5c,
    0x07, 0xff, 0xf8, 0x00, 0x08, 0x00, 0x0a, 0xaf, 0xff, 0xf8, 0x00, 0x0d, 0x55, 0x58, 0x07, 0xff,
    0xf8, 0x00, 0x0c, 0x00, 0x0a, 0xaf, 0xff, 0xf8, 0x00, 0x0d, 0x55, 0x5d, 0x57, 0xff, 0xf8, 0x00,
    0x04, 0x00, 0x0a, 0xef, 0xff, 0xf0, 0x00, 0x05, 0x55, 0x5d, 0x17, 0xff, 0xf0, 0x00, 0x06, 0x00,
    0x06, 0xaf, 0xff, 0xf0, 0x00, 0x03, 0x55, 0x56, 0x0f, 0xff, 0xe0, 0x00, 0x01, 0x00, 0x03, 0x9f,
    0xff, 0xc0, 0x00, 0x01, 0xd5, 0x55, 0xbf, 0xff, 0xc0, 0x00, 0x00, 0xe0, 0x01, 0xff, 0xff, 0x80,
    0x00, 0x00, 0x3d, 0x57, 0x7f, 0xfe, 0x00, 0x00, 0x00, 0x1f, 0xfc, 0x1f, 0xfc, 0x00, 0x00, 0x00,
    0x01, 0xc0, 0x01, 0xc0, 0x00, 0x00,
  },
  { // Frame 78
    0x00, 0x01, 0xc0, 0x01, 0xc0, 0x00, 0x00, 0x00, 0x1f, 0xfc, 0x1f, 0xfc, 0x00, 0x00, 0x00, 0x70,
    0x07, 0x7f, 0xff, 0x00, 0x00, 0x00, 0xf5, 0x55, 0xff, 0xff, 0x80, 0x00, 0x01, 0x80, 0x01, 0xbf,
    0xff, 0xc0, 0x00, 0x03, 0x55, 0x57, 0x1f, 0xff, 0xe0, 0x00, 0x02, 0x00, 0x06, 0x0f, 0xff, 0xe0,
    0x00, 0x07, 0x55, 0x56, 0x0f, 0xff, 0xf0, 0x00, 0x04, 0x00, 0x04, 0x0f, 0xff, 0xf0, 0x00, 0x0d,
    0x55, 0x5c, 0x07, 0xff, 0xf8, 0x00, 0x0c, 0x00, 0x0a, 0x07, 0xff, 0xf8, 0x00, 0x0d, 0x55, 0x5c,
    0x07, 0xff, 0xf8, 0x00, 0x08, 0x00, 0x0a, 0xaf, 0xff, 0xf8, 0x00, 0x0d, 0x55, 0x5d, 0x17, 0xff,
    0xf8, 0x00, 0x08, 0x00, 0x0a, 0xaf, 0xff, 0xf8, 0x00, 0x0d, 0x55, 0x5d, 0x57, 0xff, 0xf8, 0x00,
    0x0c, 0x00, 0x0e, 0xaf, 0xff, 0xf8, 0x00, 0x05, 0x55, 0x54, 0x0f, 0xff, 0xf0, 0x00, 0x06, 0x00,
    0x06, 0x2f, 0xff, 0xf0, 0x00, 0x03, 0x55, 0x56, 0x0f, 0xff, 0xe0, 0x00, 0x03, 0x00, 0x03, 0x1f,
    0xff, 0xe0, 0x00, 0x01, 0xd5, 0x55, 0xbf, 0xff, 0xc0, 0x00, 0x00, 0xe0, 0x01, 0xff, 0xff, 0x80,
    0x00, 0x00, 0x75, 0x57, 0x7f, 0xff, 0x00, 0x00, 0x00, 0x1f, 0xfc, 0x1f, 0xfc, 0x00, 0x00, 0x00,
    0x01, 0xc0, 0x01, 0xc0, 0x00, 0x00,
  },
  { // Frame 79
    0x00, 0x01, 0xc0, 0x01, 0xc0, 0x00, 0x00, 0x00, 0x1f, 0xfc, 0x1f, 0xfc, 0x00, 0x00, 0x00, 0x70,
    0x07, 0x7f, 0xff, 0x00, 0x00, 0x00, 0xd5, 0x57, 0xff, 0xff, 0x80, 0x00, 0x01, 0x80, 0x01, 0xbf,
    0xff, 0xc0, 0x00, 0x03, 0x55, 0x57, 0x1f, 0xff, 0xe0, 0x00, 0x06, 0x00, 0x02, 0x1f, 0xff, 0xf0,
    0x00, 0x05, 0x55, 0x56, 0x0f, 0xff, 0xf0, 0x00, 0x0c, 0x00, 0x06, 0x8f, 0xff, 0xf8, 0x00, 0x0d,
    0x55, 0x5c, 0x07, 0xff, 0xf8, 0x00, 0x08, 0x00, 0x0e, 0xa7, 0xff, 0xf8, 0x00, 0x0d, 0x55, 0x5c,
    0x07, 0xff, 0xf8, 0x00, 0x08, 0x00, 0x0e, 0xaf, 0xff, 0xf8, 0x00, 0x0d, 0x55, 0x5d, 0x57, 0xff,
    0xf8, 0x00, 0x08, 0x00, 0x0a, 0xaf, 0xff, 0xf8, 0x00, 0x0d, 0x55, 0x5c, 0x57, 0xff, 0xf8, 0x00,
    0x0c, 0x00, 0x0e, 0xaf, 0xff, 0xf8, 0x00, 0x0d, 0x55, 0x54, 0x0f, 0xff, 0xf8, 0x00, 0x04, 0x00,
    0x06, 0x0f, 0xff, 0xf0, 0x00, 0x07, 0x55, 0x56, 0x1f, 0xff, 0xf0, 0x00, 0x03, 0x00, 0x03, 0x1f,
    0xff, 0xe0, 0x00, 0x01, 0xd5, 0x55, 0xbf, 0xff, 0xc0, 0x00, 0x00, 0xc0, 0x03, 0xff, 0xff, 0x80,
    0x00, 0x00, 0x75, 0x57, 0x7f, 0xff, 0x00, 0x00, 0x00, 0x1f, 0xfc, 0x1f, 0xfc, 0x00, 0x00, 0x00,
    0x01, 0xc0, 0x01, 0xc0, 0x00, 0x00,
  },
  { // Frame 80
    0x00, 0x01, 0xc0, 0x01, 0xc0, 0x00, 0x00, 0x00, 0x1f, 0xf8, 0x0f, 0xfc, 0x00, 0x00, 0x00, 0x70,
    0x0e, 0x3f, 0xff, 0x00, 0x00, 0x00, 0xd5, 0x57, 0xff, 0xff, 0x80, 0x00, 0x01, 0x80, 0x01, 0xff,
    0xff, 0xc0, 0x00, 0x03, 0x55, 0x55, 0xbf, 0xff, 0xe0, 0x00, 0x06, 0x00, 0x03, 0x1f, 0xff, 0xf0,
    0x00, 0x05, 0x55, 0x56, 0x0f, 0xff, 0xf0, 0x00, 0x0c, 0x00, 0x06, 0x8f, 0xff, 0xf8, 0x00, 0x0d,
    0x55, 0x54, 0x0f, 0xff, 0xf8, 0x00, 0x08, 0x00, 0x06, 0xaf, 0xff, 0xf8, 0x00, 0x0d, 0x55, 0x5d,
    0x47, 0xff, 0xf8, 0x00, 0x08, 0x00, 0x0e, 0xaf, 0xff, 0xf8, 0x00, 0x0d, 0x55, 0x5d, 0x57, 0xff,
    0xf8, 0x00, 0x08, 0x00, 0x0e, 0xaf, 0xff, 0xf8, 0x00, 0x0d, 0x55, 0x54, 0x4f, 0xff, 0xf8, 0x00,
    0x08, 0x00, 0x04, 0xaf, 0xff, 0xf8, 0x00, 0x0d, 0x55, 0x56, 0x0f, 0xff, 0xf8, 0x00, 0x04, 0x00,
    0x06, 0x0f, 0xff, 0xf0, 0x00, 0x07, 0x55, 0x57, 0x1f, 0xff, 0xf0, 0x00, 0x03, 0x00, 0x01, 0xbf,
    0xff, 0xe0, 0x00, 0x01, 0xd5, 0x55, 0xff, 0xff, 0xc0, 0x00, 0x00, 0xc0, 0x03, 0xff, 0xff, 0x80,
    0x00, 0x00, 0x75, 0x5e, 0x3f, 0xff, 0x00, 0x00, 0x00, 0x1f, 0xf8, 0x0f, 0xfc, 0x00, 0x00, 0x00,
    0x01, 0xc0, 0x01, 0xc0, 0x00, 0x00,
  },
  { // Frame 81
    0x00, 0x03, 0x80, 0x00, 0xe0, 0x00, 0x00, 0x00, 0x3f, 0xf8, 0x0f, 0xfe, 0x00, 0x00, 0x00, 0x70,
    0x0e, 0x3f, 0xff, 0x00, 0x00, 0x01, 0xea, 0xab, 0x7f, 0xff, 0xc0, 0x00, 0x03, 0x00, 0x01, 0xff,
    0xff, 0xe0, 0x00, 0x02, 0xaa, 0xab, 0xbf, 0xff, 0xe0, 0x00, 0x06, 0x00, 0x03, 0x3f, 0xff, 0xf0,
    0x00, 0x0e, 0xaa, 0xaa, 0x1f, 0xff, 0xf8, 0x00, 0x08, 0x00, 0x06, 0xaf, 0xff, 0xf8, 0x00, 0x0a,
    0xaa, 0xac, 0x0f, 0xff, 0xf8, 0x00, 0x18, 0x00, 0x06, 0xaf, 0xff, 0xfc, 0x00, 0x1a, 0xaa, 0xad,
    0x5f, 0xff, 0xfc, 0x00, 0x10, 0x00, 0x06, 0xef, 0xff, 0xfc, 0x00, 0x1a, 0xaa, 0xad, 0x5f, 0xff,
    0xfc, 0x00, 0x18, 0x00, 0x06, 0xaf, 0xff, 0xfc, 0x00, 0x1a, 0xaa, 0xac, 0x0f, 0xff, 0xfc, 0x00,
    0x08, 0x00, 0x04, 0xaf, 0xff, 0xf8, 0x00, 0x0a, 0xaa, 0xae, 0x0f, 0xff, 0xf8, 0x00, 0x0c, 0x00,
    0x02, 0x1f, 0xff, 0xf8, 0x00, 0x06, 0xaa, 0xab, 0x1f, 0xff, 0xf0, 0x00, 0x02, 0x00, 0x01, 0xbf,
    0xff, 0xe0, 0x00, 0x03, 0xaa, 0xab, 0xff, 0xff, 0xe0, 0x00, 0x01, 0xc0, 0x03, 0x7f, 0xff, 0xc0,
    0x00, 0x00, 0x7a, 0xae, 0x3f, 0xff, 0x00, 0x00, 0x00, 0x3f, 0xf8, 0x0f, 0xfe, 0x00, 0x00, 0x00,
    0x03, 0x80, 0x00, 0xe0, 0x00, 0x00,
  },
  { // Frame 82
    0x00, 0x03, 0x80, 0x00, 0xe0, 0x00, 0x00, 0x00, 0x3f, 0xf8, 0x0f, 0xfe, 0x00, 0x00, 0x00, 0xe0,
    0x0e, 0x3f, 0xff, 0x80, 0x00, 0x01, 0xea, 0xab, 0x7f, 0xff, 0xc0, 0x00, 0x03, 0x00, 0x01, 0xff,
    0xff, 0xe0, 0x00, 0x06, 0xaa, 0xab, 0xbf, 0xff, 0xf0, 0x00, 0x04, 0x00, 0x03, 0x3f, 0xff, 0xf0,
    0x00, 0x0e, 0xaa, 0xab, 0x1f, 0xff, 0xf8, 0x00, 0x08, 0x00, 0x02, 0xbf, 0xff, 0xf8, 0x00, 0x1a,
    0xaa, 0xaf, 0x1f, 0xff, 0xfc, 0x00, 0x10, 0x00, 0x06, 0xaf, 0xff, 0xfc, 0x00, 0x1a, 0xaa, 0xad,
    0x5f, 0xff, 0xfc, 0x00, 0x10, 0x00, 0x06, 0xef, 0xff, 0xfc, 0x00, 0x1a, 0xaa, 0xad, 0x1f, 0xff,
    0xfc, 0x00, 0x10, 0x00, 0x06, 0xaf, 0xff, 0xfc, 0x00, 0x1a, 0xaa, 0xac, 0x0f, 0xff, 0xfc, 0x00,
    0x18, 0x00, 0x06, 0x8f, 0xff, 0xfc, 0x00, 0x0a, 0xaa, 0xaa, 0x1f, 0xff, 0xf8, 0x00, 0x0c, 0x00,
    0x03, 0x1f, 0xff, 0xf8, 0x00, 0x06, 0xaa, 0xab, 0x1f, 0xff, 0xf0, 0x00, 0x06, 0x00, 0x01, 0xbf,
    0xff, 0xf0, 0x00, 0x03, 0xaa, 0xab, 0xff, 0xff, 0xe0, 0x00, 0x01, 0xc0, 0x03, 0x7f, 0xff, 0xc0,
    0x00, 0x00, 0xea, 0xae, 0x3f, 0xff, 0x80, 0x00, 0x00, 0x3f, 0xf8, 0x0f, 0xfe, 0x00, 0x00, 0x00,
    0x03, 0x80, 0x00, 0xe0, 0x00, 0x00,
  },
  { // Frame 83
    0x00, 0x03, 0x80, 0x00, 0xe0, 0x00, 0x00, 0x00, 0x3f, 0xf8, 0x0f, 0xfe, 0x00, 0x00, 0x00, 0xe0,
    0x1e, 0x3f, 0xff, 0x80, 0x00, 0x01, 0xaa, 0xaf, 0x7f, 0xff, 0xc0, 0x00, 0x03, 0x00, 0x01, 0xff,
    0xff, 0xe0, 0x00, 0x06, 0xaa, 0xab, 0xbf, 0xff, 0xf0, 0x00, 0x0c, 0x00, 0x01, 0xbf, 0xff, 0xf8,
    0x00, 0x0a, 0xaa, 0xab, 0x1f, 0xff, 0xf8, 0x00, 0x18, 0x00, 0x02, 0xbf, 0xff, 0xfc, 0x00, 0x1a,
    0xaa, 0xab, 0x1f, 0xff, 0xfc, 0x00, 0x10, 0x00, 0x06, 0xaf, 0xff, 0xfc, 0x00, 0x1a, 0xaa, 0xad,
    0x5f, 0xff, 0xfc, 0x00, 0x10, 0x00, 0x06, 0xaf, 0xff, 0xfc, 0x00, 0x1a, 0xaa, 0xac, 0x1f, 0xff,
    0xfc, 0x00, 0x10, 0x00, 0x06, 0x2f, 0xff, 0xfc, 0x00, 0x1a, 0xaa, 0xae, 0x0f, 0xff, 0xfc, 0x00,
    0x18, 0x00, 0x02, 0x1f, 0xff, 0xfc, 0x00, 0x1a, 0xaa, 0xaa, 0x1f, 0xff, 0xfc, 0x00, 0x08, 0x00,
    0x03, 0x1f, 0xff, 0xf8, 0x00, 0x0e, 0xaa, 0xab, 0xbf, 0xff, 0xf8, 0x00, 0x06, 0x00, 0x01, 0xbf,
    0xff, 0xf0, 0x00, 0x03, 0xaa, 0xab, 0xff, 0xff, 0xe0, 0x00, 0x01, 0x80, 0x07, 0x7f, 0xff, 0xc0,
    0x00, 0x00, 0xea, 0xbe, 0x3f, 0xff, 0x80, 0x00, 0x00, 0x3f, 0xf8, 0x0f, 0xfe, 0x00, 0x00, 0x00,
    0x03, 0x80, 0x00, 0xe0, 0x00, 0x00,
  },
  { // Frame 84
    0x00, 0x07, 0x80, 0x00, 0xf0, 0x00, 0x00, 0x00, 0x3f, 0xf0, 0x07, 0xfe, 0x00, 0x00, 0x00, 0xe0,
    0x1c, 0x1f, 0xff, 0x80, 0x00, 0x01, 0xaa, 0xaf, 0x7f, 0xff, 0xc0, 0x00, 0x03, 0x00, 0x03, 0xff,
    0xff, 0xe0, 0x00, 0x06, 0xaa, 0xab, 0xff, 0xff, 0xf0, 0x00, 0x0c, 0x00, 0x01, 0xbf, 0xff, 0xf8,
    0x00, 0x0a, 0xaa, 0xab, 0x5f, 0xff, 0xf8, 0x00, 0x18, 0x00, 0x03, 0xbf, 0xff, 0xfc, 0x00, 0x1a,
    0xaa, 0xab, 0x5f, 0xff, 0xfc, 0x00, 0x10, 0x00, 0x03, 0xbf, 0xff, 0xfc, 0x00, 0x1a, 0xaa, 0xaf,
    0x5f, 0xff, 0xfc, 0x00, 0x10, 0x00, 0x06, 0xaf, 0xff, 0xfc, 0x00, 0x1a, 0xaa, 0xae, 0x0f, 0xff,
    0xfc, 0x00, 0x10, 0x00, 0x06, 0x2f, 0xff, 0xfc, 0x00, 0x1a, 0xaa, 0xaa, 0x1f, 0xff, 0xfc, 0x00,
    0x10, 0x00, 0x02, 0x1f, 0xff, 0xfc, 0x00, 0x1a, 0xaa, 0xab, 0x1f, 0xff, 0xfc, 0x00, 0x08, 0x00,
    0x03, 0x1f, 0xff, 0xf8, 0x00, 0x0e, 0xaa, 0xab, 0xbf, 0xff, 0xf8, 0x00, 0x06, 0x00, 0x01, 0xff,
    0xff, 0xf0, 0x00, 0x03, 0xaa, 0xab, 0xff, 0xff, 0xe0, 0x00, 0x01, 0x80, 0x07, 0x7f, 0xff, 0xc0,
    0x00, 0x00, 0xea, 0xbc, 0x1f, 0xff, 0x80, 0x00, 0x00, 0x3f, 0xf0, 0x07, 0xfe, 0x00, 0x00, 0x00,
    0x07, 0x80, 0x00, 0xf0, 0x00, 0x00,
  },
  { // Frame 85
    0x00, 0x07, 0x00, 0x00, 0x70, 0x00, 0x00, 0x00, 0x7f, 0xf0, 0x07, 0xff, 0x00, 0x00, 0x00, 0xe0,
    0x1c, 0x1f, 0xff, 0x80, 0x00, 0x03, 0xd5, 0x56, 0x3f, 0xff, 0xe0, 0x00, 0x06, 0x00, 0x03, 0x7f,
    0xff, 0xf0, 0x00, 0x0d, 0x55, 0x55, 0xff, 0xff, 0xf8, 0x00, 0x0c, 0x00, 0x01, 0xbf, 0xff, 0xf8,
    0x00, 0x1d, 0x55, 0x55, 0x7f, 0xff, 0xfc, 0x00, 0x10, 0x00, 0x03, 0xbf, 0xff, 0xfc, 0x00, 0x15,
    0x55, 0x57, 0x5f, 0xff, 0xfc, 0x00, 0x30, 0x00, 0x02, 0xbf, 0xff, 0xfe, 0x00, 0x35, 0x55, 0x57,
    0x5f, 0xff, 0xfe, 0x00, 0x20, 0x00, 0x02, 0xbf, 0xff, 0xfe, 0x00, 0x35, 0x55, 0x56, 0x1f, 0xff,
    0xfe, 0x00, 0x30, 0x00, 0x02, 0x3f, 0xff, 0xfe, 0x00, 0x35, 0x55, 0x56, 0x1f, 0xff, 0xfe, 0x00,
    0x10, 0x00, 0x02, 0x1f, 0xff, 0xfc, 0x00, 0x15, 0x55, 0x57, 0x1f, 0xff, 0xfc, 0x00, 0x18, 0x00,
    0x01, 0x3f, 0xff, 0xfc, 0x00, 0x0d, 0x55, 0x55, 0xbf, 0xff, 0xf8, 0x00, 0x0c, 0x00, 0x01, 0xff,
    0xff, 0xf8, 0x00, 0x07, 0x55, 0x57, 0x7f, 0xff, 0xf0, 0x00, 0x03, 0x80, 0x06, 0x3f, 0xff, 0xe0,
    0x00, 0x00, 0xf5, 0x5c, 0x1f, 0xff, 0x80, 0x00, 0x00, 0x7f, 0xf0, 0x07, 0xff, 0x00, 0x00, 0x00,
    0x07, 0x00, 0x00, 0x70, 0x00, 0x00,
  },
  { // Frame 86
    0x00, 0x07, 0x00, 0x00, 0x70, 0x00, 0x00, 0x00, 0x7f, 0xf0, 0x07, 0xff, 0x00, 0x00, 0x01, 0xc0,
    0x1c, 0x1f, 0xff, 0xc0, 0x00, 0x03, 0xd5, 0x56, 0x3f, 0xff, 0xe0, 0x00, 0x06, 0x00, 0x03, 0x7f,
    0xff, 0xf0, 0x00, 0x0d, 0x55, 0x55, 0xff, 0xff, 0xf8, 0x00, 0x08, 0x00, 0x00, 0xff, 0xff, 0xf8,
    0x00, 0x1d, 0x55, 0x55, 0xff, 0xff, 0xfc, 0x00, 0x10, 0x00, 0x01, 0xff, 0xff, 0xfc, 0x00, 0x35,
    0x55, 0x57, 0x5f, 0xff, 0xfe, 0x00, 0x20, 0x00, 0x02, 0xbf, 0xff, 0xfe, 0x00, 0x35, 0x55, 0x56,
    0x5f, 0xff, 0xfe, 0x00, 0x20, 0x00, 0x02, 0xbf, 0xff, 0xfe, 0x00, 0x35, 0x55, 0x56, 0x1f, 0xff,
    0xfe, 0x00, 0x20, 0x00, 0x02, 0x3f, 0xff, 0xfe, 0x00, 0x35, 0x55, 0x56, 0x1f, 0xff, 0xfe, 0x00,
    0x30, 0x00, 0x03, 0x1f, 0xff, 0xfe, 0x00, 0x15, 0x55, 0x55, 0x3f, 0xff, 0xfc, 0x00, 0x18, 0x00,
    0x01, 0xbf, 0xff, 0xfc, 0x00, 0x0d, 0x55, 0x55, 0xff, 0xff, 0xf8, 0x00, 0x0c, 0x00, 0x01, 0xff,
    0xff, 0xf8, 0x00, 0x07, 0x55, 0x57, 0x7f, 0xff, 0xf0, 0x00, 0x03, 0x80, 0x06, 0x3f, 0xff, 0xe0,
    0x00, 0x01, 0xd5, 0x5c, 0x1f, 0xff, 0xc0, 0x00, 0x00, 0x7f, 0xf0, 0x07, 0xff, 0x00, 0x00, 0x00,
    0x07, 0x00, 0x00, 0x70, 0x00, 0x00,
  },
  { // Frame 87
    0x00, 0x07, 0x00, 0x00, 0x70, 0x00, 0x00, 0x00, 0x7f, 0xf0, 0x07, 0xff, 0x00, 0x00, 0x01, 0xc0,
    0x3c, 0x1f, 0xff, 0xc0, 0x00, 0x03, 0x55, 0x5e, 0x3f, 0xff, 0xe0, 0x00, 0x06, 0x00, 0x03, 0x7f,
    0xff, 0xf0, 0x00, 0x0d, 0x55, 0x55, 0xff, 0xff, 0xf8, 0x00, 0x18, 0x00, 0x01, 0xff, 0xff, 0xfc,
    0x00, 0x15, 0x55, 0x55, 0xff, 0xff, 0xfc, 0x00, 0x30, 0x00, 0x01, 0xff, 0xff, 0xfe, 0x00, 0x35,
    0x55, 0x55, 0x7f, 0xff, 0xfe, 0x00, 0x20, 0x00, 0x03, 0xbf, 0xff, 0xfe, 0x00, 0x35, 0x55, 0x56,
    0x5f, 0xff, 0xfe, 0x00, 0x20, 0x00, 0x02, 0xbf, 0xff, 0xfe, 0x00, 0x35, 0x55, 0x56, 0x1f, 0xff,
    0xfe, 0x00, 0x20, 0x00, 0x02, 0x1f, 0xff, 0xfe, 0x00, 0x35, 0x55, 0x57, 0x1f, 0xff, 0xfe, 0x00,
    0x30, 0x00, 0x01, 0x3f, 0xff, 0xfe, 0x00, 0x35, 0x55, 0x55, 0x3f, 0xff, 0xfe, 0x00, 0x10, 0x00,
    0x01, 0xbf, 0xff, 0xfc, 0x00, 0x1d, 0x55, 0x55, 0xff, 0xff, 0xfc, 0x00, 0x0c, 0x00, 0x01, 0xff,
    0xff, 0xf8, 0x00, 0x07, 0x55, 0x57, 0x7f, 0xff, 0xf0, 0x00, 0x03, 0x00, 0x0e, 0x3f, 0xff, 0xe0,
    0x00, 0x01, 0xd5, 0x7c, 0x1f, 0xff, 0xc0, 0x00, 0x00, 0x7f, 0xf0, 0x07, 0xff, 0x00, 0x00, 0x00,
    0x07, 0x00, 0x00, 0x70, 0x00, 0x00,
  },
  { // Frame 88
    0x00, 0x0f, 0x00, 0x00, 0x78, 0x00, 0x00, 0x00, 0x7f, 0xe0, 0x03, 0xff, 0x00, 0x00, 0x01, 0xc0,
    0x38, 0x0f, 0xff, 0xc0, 0x00, 0x03, 0x55, 0x5e, 0x3f, 0xff, 0xe0, 0x00, 0x06, 0x00, 0x07, 0x7f,
    0xff, 0xf0, 0x00, 0x0d, 0x55, 0x57, 0x7f, 0xff, 0xf8, 0x00, 0x18, 0x00, 0x01, 0xff, 0xff, 0xfc,
    0x00, 0x15, 0x55, 0x55, 0xff, 0xff, 0xfc, 0x00, 0x30, 0x00, 0x01, 0xff, 0xff, 0xfe, 0x00, 0x35,
    0x55, 0x55, 0x3f, 0xff, 0xfe, 0x00, 0x20, 0x00, 0x01, 0xbf, 0xff, 0xfe, 0x00, 0x35, 0x55, 0x57,
    0x5f, 0xff, 0xfe, 0x00, 0x60, 0x00, 0x03, 0xbf, 0xff, 0xff, 0x00, 0x75, 0x55, 0x57, 0x1f, 0xff,
    0xff, 0x00, 0x20, 0x00, 0x03, 0x1f, 0xff, 0xfe, 0x00, 0x35, 0x55, 0x55, 0x3f, 0xff, 0xfe, 0x00,
    0x20, 0x00, 0x01, 0x3f, 0xff, 0xfe, 0x00, 0x35, 0x55, 0x55, 0xbf, 0xff, 0xfe, 0x00, 0x10, 0x00,
    0x00, 0xff, 0xff, 0xfc, 0x00, 0x1d, 0x55, 0x55, 0xff, 0xff, 0xfc, 0x00, 0x0c, 0x00, 0x03, 0x7f,
    0xff, 0xf8, 0x00, 0x07, 0x55, 0x57, 0x7f, 0xff, 0xf0, 0x00, 0x03, 0x00, 0x0e, 0x3f, 0xff, 0xe0,
    0x00, 0x01, 0xd5, 0x78, 0x0f, 0xff, 0xc0, 0x00, 0x00, 0x7f, 0xe0, 0x03, 0xff, 0x00, 0x00, 0x00,
    0x0f, 0x00, 0x00, 0x78, 0x00, 0x00,
  },
  { // Frame 89
    0x00, 0x0e, 0x00, 0x00, 0x38, 0x00, 0x00, 0x00, 0xff, 0xe0, 0x03, 0xff, 0x80, 0x00, 0x01, 0xc0,
    0x38, 0x0f, 0xff, 0xc0, 0x00, 0x07, 0xaa, 0xac, 0x1f, 0xff, 0xf0, 0x00, 0x0c, 0x00, 0x06, 0x3f,
    0xff, 0xf8, 0x00, 0x1a, 0xaa, 0xab, 0x7f, 0xff, 0xfc, 0x00, 0x18, 0x00, 0x01, 0xff, 0xff, 0xfc,
    0x00, 0x3a, 0xaa, 0xaa, 0xff, 0xff, 0xfe, 0x00, 0x20, 0x00, 0x01, 0xbf, 0xff, 0xfe, 0x00, 0x2a,
    0xaa, 0xab, 0x3f, 0xff, 0xfe, 0x00, 0x60, 0x00, 0x01, 0xbf, 0xff, 0xff, 0x00, 0x6a, 0xaa, 0xab,
    0x3f, 0xff, 0xff, 0x00, 0x40, 0x00, 0x01, 0xbf, 0xff, 0xff, 0x00, 0x6a, 0xaa, 0xab, 0x3f, 0xff,
    0xff, 0x00, 0x40, 0x00, 0x01, 0x3f, 0xff, 0xff, 0x00, 0x6a, 0xaa, 0xab, 0x3f, 0xff, 0xff, 0x00,
    0x20, 0x00, 0x01, 0x3f, 0xff, 0xfe, 0x00, 0x2a, 0xaa, 0xab, 0xbf, 0xff, 0xfe, 0x00, 0x30, 0x00,
    0x00, 0xff, 0xff, 0xfe, 0x00, 0x1a, 0xaa, 0xab, 0xff, 0xff, 0xfc, 0x00, 0x18, 0x00, 0x03, 0x7f,
    0xff, 0xfc, 0x00, 0x0e, 0xaa, 0xae, 0x3f, 0xff, 0xf8, 0x00, 0x07, 0x00, 0x0c, 0x1f, 0xff, 0xf0,
    0x00, 0x01, 0xea, 0xb8, 0x0f, 0xff, 0xc0, 0x00, 0x00, 0xff, 0xe0, 0x03, 0xff, 0x80, 0x00, 0x00,
    0x0e, 0x00, 0x00, 0x38, 0x00, 0x00,
  },
  { // Frame 90
    0x00, 0x0e, 0x00, 0x00, 0x38, 0x00, 0x00, 0x00, 0xff, 0xe0, 0x03, 0xff, 0x80, 0x00, 0x03, 0x80,
    0x38, 0x0f, 0xff, 0xe0, 0x00, 0x06, 0xaa, 0xac, 0x1f, 0xff, 0xf0, 0x00, 0x0c, 0x00, 0x06, 0x3f,
    0xff, 0xf8, 0x00, 0x1a, 0xaa, 0xab, 0x7f, 0xff, 0xfc, 0x00, 0x10, 0x00, 0x01, 0x7f, 0xff, 0xfc,
    0x00, 0x3a, 0xaa, 0xab, 0xff, 0xff, 0xfe, 0x00, 0x20, 0x00, 0x00, 0xff, 0xff, 0xfe, 0x00, 0x6a,
    0xaa, 0xab, 0xbf, 0xff, 0xff, 0x00, 0x40, 0x00, 0x01, 0xbf, 0xff, 0xff, 0x00, 0x6a, 0xaa, 0xab,
    0x3f, 0xff, 0xff, 0x00, 0x40, 0x00, 0x01, 0xbf, 0xff, 0xff, 0x00, 0x6a, 0xaa, 0xab, 0x3f, 0xff,
    0xff, 0x00, 0x40, 0x00, 0x01, 0x3f, 0xff, 0xff, 0x00, 0x6a, 0xaa, 0xab, 0x3f, 0xff, 0xff, 0x00,
    0x60, 0x00, 0x01, 0xbf, 0xff, 0xff, 0x00, 0x2a, 0xaa, 0xaa, 0xff, 0xff, 0xfe, 0x00, 0x30, 0x00,
    0x01, 0xff, 0xff, 0xfe, 0x00, 0x1a, 0xaa, 0xab, 0x7f, 0xff, 0xfc, 0x00, 0x18, 0x00, 0x03, 0x7f,
    0xff, 0xfc, 0x00, 0x0e, 0xaa, 0xae, 0x3f, 0xff, 0xf8, 0x00, 0x06, 0x00, 0x0c, 0x1f, 0xff, 0xf0,
    0x00, 0x03, 0xaa, 0xb8, 0x0f, 0xff, 0xe0, 0x00, 0x00, 0xff, 0xe0, 0x03, 0xff, 0x80, 0x00, 0x00,
    0x0e, 0x00, 0x00, 0x38, 0x00, 0x00,
  },
  { // Frame 91
    0x00, 0x0e, 0x00, 0x00, 0x38, 0x00, 0x00, 0x00, 0xff, 0xe0, 0x03, 0xff, 0x80, 0x00, 0x03, 0x80,
    0x70, 0x07, 0xff, 0xe0, 0x00, 0x06, 0xaa, 0xbc, 0x1f, 0xff, 0xf0, 0x00, 0x0c, 0x00, 0x06, 0x3f,
    0xff, 0xf8, 0x00, 0x1a, 0xaa, 0xab, 0x7f, 0xff, 0xfc, 0x00, 0x30, 0x00, 0x03, 0x7f, 0xff, 0xfe,
    0x00, 0x2a, 0xaa, 0xab, 0xff, 0xff, 0xfe, 0x00, 0x60, 0x00, 0x00, 0xff, 0xff, 0xff, 0x00, 0x6a,
    0xaa, 0xaa, 0xff, 0xff, 0xff, 0x00, 0x40, 0x00, 0x01, 0xbf, 0xff, 0xff, 0x00, 0x6a, 0xaa, 0xab,
    0x3f, 0xff, 0xff, 0x00, 0x40, 0x00, 0x01, 0xbf, 0xff, 0xff, 0x00, 0x6a, 0xaa, 0xab, 0x3f, 0xff,
    0xff, 0x00, 0x40, 0x00, 0x01, 0x3f, 0xff, 0xff, 0x00, 0x6a, 0xaa, 0xab, 0xbf, 0xff, 0xff, 0x00,
    0x60, 0x00, 0x00, 0xff, 0xff, 0xff, 0x00, 0x6a, 0xaa, 0xaa, 0xff, 0xff, 0xff, 0x00, 0x20, 0x00,
    0x01, 0xff, 0xff, 0xfe, 0x00, 0x3a, 0xaa, 0xab, 0x7f, 0xff, 0xfe, 0x00, 0x18, 0x00, 0x03, 0x7f,
    0xff, 0xfc, 0x00, 0x0e, 0xaa, 0xae, 0x3f, 0xff, 0xf8, 0x00, 0x06, 0x00, 0x1c, 0x1f, 0xff, 0xf0,
    0x00, 0x03, 0xaa, 0xf0, 0x07, 0xff, 0xe0, 0x00, 0x00, 0xff, 0xe0, 0x03, 0xff, 0x80, 0x00, 0x00,
    0x0e, 0x00, 0x00, 0x38, 0x00, 0x00,
  },
  { // Frame 92
    0x00, 0x1e, 0x00, 0x00, 0x3c, 0x00, 0x00, 0x00, 0xff, 0xc0, 0x01, 0xff, 0x80, 0x00, 0x03, 0x80,
    0x70, 0x07, 0xff, 0xe0, 0x00, 0x06, 0xaa, 0xbc, 0x1f, 0xff, 0xf0, 0x00, 0x0c, 0x00, 0x0e, 0x3f,
    0xff, 0xf8, 0x00, 0x1a, 0xaa, 0xae, 0x3f, 0xff, 0xfc, 0x00, 0x30, 0x00, 0x03, 0x7f, 0xff, 0xfe,
    0x00, 0x2a, 0xaa, 0xab, 0x7f, 0xff, 0xfe, 0x00, 0x60, 0x00, 0x01, 0xff, 0xff, 0xff, 0x00, 0x6a,
    0xaa, 0xaa, 0xff, 0xff, 0xff, 0x00, 0x40, 0x00, 0x00, 0xff, 0xff, 0xff, 0x00, 0x6a, 0xaa, 0xab,
    0xbf, 0xff, 0xff, 0x00, 0xc0, 0x00, 0x01, 0xbf, 0xff, 0xff, 0x80, 0xea, 0xaa, 0xab, 0xbf, 0xff,
    0xff, 0x80, 0x40, 0x00, 0x01, 0xbf, 0xff, 0xff, 0x00, 0x6a, 0xaa, 0xaa, 0xff, 0xff, 0xff, 0x00,
    0x40, 0x00, 0x00, 0xff, 0xff, 0xff, 0x00, 0x6a, 0xaa, 0xab, 0xff, 0xff, 0xff, 0x00, 0x20, 0x00,
    0x01, 0x7f, 0xff, 0xfe, 0x00, 0x3a, 0xaa, 0xab, 0x7f, 0xff, 0xfe, 0x00, 0x18, 0x00, 0x06, 0x3f,
    0xff, 0xfc, 0x00, 0x0e, 0xaa, 0xae, 0x3f, 0xff, 0xf8, 0x00, 0x06, 0x00, 0x1c, 0x1f, 0xff, 0xf0,
    0x00, 0x03, 0xaa, 0xf0, 0x07, 0xff, 0xe0, 0x00, 0x00, 0xff, 0xc0, 0x01, 0xff, 0x80, 0x00, 0x00,
    0x1e, 0x00, 0x00, 0x3c, 0x00, 0x00,
  },
  { // Frame 93
    0x00, 0x1c, 0x00, 0x00, 0x1c, 0x00, 0x00, 0x01, 0xff, 0xc0, 0x01, 0xff, 0xc0, 0x00, 0x03, 0x80,
    0x70, 0x07, 0xff, 0xe0, 0x00, 0x0f, 0x55, 0x58, 0x0f, 0xff, 0xf8, 0x00, 0x18, 0x00, 0x0c, 0x1f,
    0xff, 0xfc, 0x00, 0x35, 0x55, 0x56, 0x3f, 0xff, 0xfe, 0x00, 0x30, 0x00, 0x03, 0x7f, 0xff, 0xfe,
    0x00, 0x75, 0x55, 0x55, 0x7f, 0xff, 0xff, 0x00, 0x40, 0x00, 0x01, 0xff, 0xff, 0xff, 0x00, 0x55,
    0x55, 0x55, 0xff, 0xff, 0xff, 0x00, 0xc0, 0x00, 0x00, 0xff, 0xff, 0xff, 0x80, 0xd5, 0x55, 0x55,
    0xff, 0xff, 0xff, 0x80, 0x80, 0x00, 0x00, 0xff, 0xff, 0xff, 0x80, 0xd5, 0x55, 0x55, 0xff, 0xff,
    0xff, 0x80, 0x80, 0x00, 0x00, 0xff, 0xff, 0xff, 0x80, 0xd5, 0x55, 0x55, 0xff, 0xff, 0xff, 0x80,
    0x40, 0x00, 0x00, 0xff, 0xff, 0xff, 0x00, 0x55, 0x55, 0x55, 0xff, 0xff, 0xff, 0x00, 0x60, 0x00,
    0x01, 0x7f, 0xff, 0xff, 0x00, 0x35, 0x55, 0x57, 0x7f, 0xff, 0xfe, 0x00, 0x30, 0x00, 0x06, 0x3f,
    0xff, 0xfe, 0x00, 0x1d, 0x55, 0x5c, 0x1f, 0xff, 0xfc, 0x00, 0x0e, 0x00, 0x18, 0x0f, 0xff, 0xf8,
    0x00, 0x03, 0xd5, 0x70, 0x07, 0xff, 0xe0, 0x00, 0x01, 0xff, 0xc0, 0x01, 0xff, 0xc0, 0x00, 0x00,
    0x1c, 0x00, 0x00, 0x1c, 0x00, 0x00,
  },
  { // Frame 94
    0x00, 0x1c, 0x00, 0x00, 0x1c, 0x00, 0x00, 0x01, 0xff, 0xc0, 0x01, 0xff, 0xc0, 0x00, 0x07, 0x00,
    0x70, 0x07, 0xff, 0xf0, 0x00, 0x0d, 0x55, 0x58, 0x0f, 0xff, 0xf8, 0x00, 0x18, 0x00, 0x0c, 0x1f,
    0xff, 0xfc, 0x00, 0x35, 0x55, 0x56, 0x3f, 0xff, 0xfe, 0x00, 0x20, 0x00, 0x02, 0x3f, 0xff, 0xfe,
    0x00, 0x75, 0x55, 0x57, 0x7f, 0xff, 0xff, 0x00, 0x40, 0x00, 0x01, 0x7f, 0xff, 0xff, 0x00, 0xd5,
    0x55, 0x55, 0xff, 0xff, 0xff, 0x80, 0x80, 0x00, 0x00, 0xff, 0xff, 0xff, 0x80, 0xd5, 0x55, 0x55,
    0xff, 0xff, 0xff, 0x80, 0x80, 0x00, 0x00, 0xff, 0xff, 0xff, 0x80, 0xd5, 0x55, 0x55, 0xff, 0xff,
    0xff, 0x80, 0x80, 0x00, 0x00, 0xff, 0xff, 0xff, 0x80, 0xd5, 0x55, 0x55, 0xff, 0xff, 0xff, 0x80,
    0xc0, 0x00, 0x01, 0xff, 0xff, 0xff, 0x80, 0x55, 0x55, 0x55, 0x7f, 0xff, 0xff, 0x00, 0x60, 0x00,
    0x03, 0x7f, 0xff, 0xff, 0x00, 0x35, 0x55, 0x56, 0x3f, 0xff, 0xfe, 0x00, 0x30, 0x00, 0x06, 0x3f,
    0xff, 0xfe, 0x00, 0x1d, 0x55, 0x5c, 0x1f, 0xff, 0xfc, 0x00, 0x0c, 0x00, 0x18, 0x0f, 0xff, 0xf8,
    0x00, 0x07, 0x55, 0x70, 0x07, 0xff, 0xf0, 0x00, 0x01, 0xff, 0xc0, 0x01, 0xff, 0xc0, 0x00, 0x00,
    0x1c, 0x00, 0x00, 0x1c, 0x00, 0x00,
  },
};

// End of generated data